dpto5,ASP,ASP.NET,Arduino,Assembly,Astro,Batchfile,Blade,C,C#,C++,CMake,CSS,Clojure,CoffeeScript,Common Lisp,Dart,Dockerfile,EJS,Elixir,Emacs Lisp,Erlang,Fortran,GDScript,Go,Groovy,HCL,HTML,Hack,Handlebars,Haskell,Java,JavaScript,Jinja,Julia,Jupyter Notebook,Kotlin,Liquid,Lua,MATLAB,MDX,Makefile,Mathematica,Matlab,Nix,Objective-C,OpenSCAD,PHP,PLpgSQL,Papyrus,Pascal,Perl,PowerShell,Processing,Prolog,Pug,Puppet,Python,R,Racket,Rich Text Format,Roff,Ruby,Rust,SCSS,Scala,ShaderLab,Shell,Smalltalk,Smarty,Solidity,SourcePawn,Svelte,Swift,SystemVerilog,TSQL,TeX,TypeScript,VBA,VHDL,Verilog,Vim Script,Vim script,VimL,Visual Basic,Visual Basic .NET,Vue,Wollok
02000,3,6,10,21,48,10,8,308,511,300,5,738,9,5,0,24,22,28,3,3,0,2,5,132,5,10,1874,3,13,27,968,3924,0,0,318,81,8,23,8,1,7,1,3,2,16,0,302,8,7,0,4,7,12,24,2,0,1006,27,0,1,2,88,31,82,10,38,115,6,1,16,0,8,41,0,15,15,1260,1,3,1,0,4,2,0,8,109,19
06021,0,0,0,0,5,0,0,0,0,0,0,4,0,0,0,0,0,2,0,0,0,0,0,0,0,0,4,0,0,0,3,18,0,0,0,0,0,0,0,0,0,0,0,0,0,0,0,0,0,0,0,0,0,0,0,0,1,0,0,0,0,0,0,0,0,0,0,0,0,0,0,0,0,0,0,0,5,0,0,0,0,0,0,0,0,0,0
06028,0,0,0,0,0,0,1,42,36,22,0,24,0,0,0,0,0,0,0,0,0,0,0,3,0,0,76,0,1,2,33,90,0,0,4,3,0,0,0,0,0,0,0,0,0,0,20,0,0,0,0,1,0,0,1,0,52,0,0,0,0,3,1,1,0,0,5,0,0,2,0,0,0,0,0,0,55,0,0,0,0,0,0,0,12,2,2
06035,0,0,0,2,0,1,2,75,64,38,0,101,2,0,0,3,6,0,0,0,0,0,1,22,0,1,225,2,0,1,136,303,0,0,11,33,0,0,0,1,2,0,0,0,0,0,92,3,0,3,0,3,17,0,0,0,118,3,0,0,0,5,4,4,0,1,8,0,0,0,0,0,0,0,2,3,160,0,0,0,1,0,0,0,0,6,0
06049,0,0,0,0,1,0,1,0,4,17,0,13,0,0,0,2,1,0,0,0,0,0,0,9,0,0,18,0,0,0,22,60,0,0,0,0,0,0,0,0,0,0,0,0,0,0,20,0,0,0,0,0,0,0,0,0,32,0,0,0,0,1,1,0,0,0,8,0,0,0,0,0,0,0,0,1,11,0,0,0,0,0,0,0,0,0,0
06056,5,0,0,1,10,0,1,61,57,40,0,140,0,0,0,15,5,2,2,1,2,1,4,17,0,0,309,0,2,0,268,711,0,0,39,21,1,1,2,0,4,1,0,0,1,0,76,1,5,6,4,2,0,6,0,5,222,2,0,0,0,17,17,13,8,6,17,0,0,9,0,6,8,0,2,2,362,0,1,0,0,0,0,0,2,8,0
06063,0,0,0,0,0,0,0,1,4,1,1,4,0,0,0,0,0,0,0,0,0,0,0,0,1,0,26,0,0,0,4,26,0,0,2,0,0,0,0,0,0,0,0,0,0,0,3,0,0,0,0,0,0,0,0,0,3,12,0,0,0,1,0,0,0,0,0,0,0,0,0,0,0,0,0,3,20,0,0,0,0,0,0,0,0,0,0
06070,0,0,0,0,1,0,0,0,1,1,0,8,0,0,0,0,1,0,0,0,0,0,0,2,0,0,22,0,0,0,20,58,0,0,2,1,0,0,0,0,0,0,0,0,0,0,2,0,0,0,0,0,0,0,0,0,29,0,0,0,0,0,0,1,0,0,0,0,0,0,0,0,0,0,0,0,61,0,0,0,0,0,0,0,0,0,0
06077,0,0,0,0,0,0,0,1,0,0,0,5,0,0,0,0,0,0,0,0,0,0,0,0,0,0,3,0,0,0,0,29,0,0,0,0,0,0,0,0,0,0,0,0,0,0,1,0,0,0,0,0,0,0,0,0,10,0,0,0,0,0,0,3,0,0,0,0,0,0,0,0,0,0,0,0,0,0,0,0,0,0,0,0,0,0,0
06084,0,0,0,0,0,0,0,0,0,0,0,0,0,0,0,0,0,0,0,0,0,0,0,0,0,0,5,0,0,0,1,20,0,0,0,0,0,0,0,0,0,0,0,0,0,0,0,0,0,0,0,0,0,0,0,0,0,0,0,0,0,0,0,0,0,0,0,0,0,0,0,0,0,0,0,0,23,0,0,0,0,0,0,0,0,0,0
06091,0,0,0,0,2,0,0,12,34,8,0,42,0,0,0,1,0,5,0,0,0,0,2,4,0,0,113,0,1,0,43,190,0,0,5,6,0,0,0,0,0,0,0,0,0,0,19,0,0,2,0,0,0,0,0,0,53,0,0,0,0,0,0,3,0,1,7,5,1,2,0,0,1,0,0,3,47,0,0,0,0,0,0,0,0,1,1
06098,0,0,0,1,0,0,0,0,2,2,0,9,0,0,0,0,1,0,0,0,0,0,0,1,0,0,13,0,0,0,8,46,0,0,2,0,0,0,0,0,0,0,0,0,0,0,3,1,0,2,0,0,0,0,0,0,15,0,0,0,0,2,1,1,0,0,1,0,0,0,0,0,0,0,0,0,7,0,0,0,0,0,0,0,0,0,0
06105,0,0,0,0,0,0,0,0,0,1,0,3,0,0,0,2,1,0,0,0,0,0,0,2,0,0,22,0,0,0,12,50,0,0,0,0,0,0,0,0,0,0,0,0,0,0,1,0,0,0,0,0,0,0,0,0,19,0,0,0,0,0,0,0,0,0,0,0,0,0,0,0,0,0,0,0,13,0,0,0,0,0,0,0,0,1,0
06112,0,0,0,0,0,0,0,0,0,0,0,8,0,0,0,0,0,0,0,0,0,0,0,0,0,0,21,0,0,0,3,45,0,0,0,0,0,0,0,0,0,0,0,0,0,0,0,0,0,0,0,0,0,0,0,0,2,0,0,0,0,0,0,0,0,0,0,0,0,0,0,0,0,0,0,0,1,0,0,0,0,0,0,0,0,0,0
06119,0,0,0,1,0,0,0,0,0,0,0,4,0,0,0,0,0,0,0,0,0,0,0,0,0,0,5,0,0,0,8,9,0,0,2,0,0,0,0,0,0,0,0,0,0,0,0,0,0,3,0,0,0,0,0,0,4,0,0,0,0,0,0,1,0,0,1,0,0,0,0,0,0,0,0,0,0,0,0,0,0,0,0,0,0,0,0
06126,0,1,0,0,6,0,1,3,8,8,0,25,0,0,0,0,1,0,0,0,0,0,1,4,4,0,39,0,0,3,69,82,1,0,12,1,0,0,0,0,1,0,0,0,0,0,36,0,0,0,0,0,0,0,0,0,45,0,0,0,0,4,1,5,1,1,7,0,0,0,0,0,0,0,0,0,33,0,0,0,0,0,0,1,0,0,2
06147,0,0,0,0,0,0,0,1,3,2,0,4,0,0,0,0,0,0,0,0,0,0,0,0,0,0,12,0,0,0,6,24,0,0,1,0,0,0,0,0,0,0,0,0,0,0,6,0,0,2,0,0,0,0,0,0,18,0,0,0,0,1,0,2,0,0,1,1,0,0,0,0,0,0,0,0,8,0,0,0,0,0,0,0,0,2,0
06161,0,0,0,0,0,0,0,5,5,0,0,2,0,0,0,0,0,0,0,0,0,0,0,0,0,0,5,0,0,0,5,7,0,0,6,0,0,0,0,0,0,1,0,0,0,0,1,0,0,0,0,0,0,0,0,0,11,0,0,0,0,0,0,2,0,0,0,0,0,0,0,0,0,0,0,0,8,0,0,0,0,0,0,0,0,0,0
06175,0,0,0,0,0,0,0,0,0,0,0,1,0,0,0,0,0,0,0,0,0,0,0,0,0,0,1,0,0,0,3,1,0,0,0,0,0,0,0,0,0,0,0,0,0,2,0,0,0,0,0,0,0,0,0,0,7,0,0,0,0,0,0,0,0,0,0,0,0,0,0,0,0,0,0,0,0,0,0,0,0,0,0,0,0,0,0
06182,0,0,0,0,4,0,0,4,9,2,0,22,0,0,0,0,0,0,0,0,0,0,0,2,0,0,21,0,0,0,21,53,0,0,36,9,0,0,0,0,0,0,0,0,0,0,0,0,0,1,0,0,0,0,0,0,16,0,0,0,0,0,0,0,0,0,0,0,0,0,0,0,0,0,0,0,12,0,0,0,0,0,0,0,0,1,0
06189,0,0,0,0,0,0,0,0,0,0,0,6,0,0,0,0,0,0,0,0,0,0,0,0,0,0,10,0,0,0,0,7,0,0,0,0,0,0,0,0,0,0,0,0,0,0,0,0,0,0,0,0,0,0,0,0,2,0,0,0,0,0,0,0,0,0,0,0,0,0,0,0,0,0,0,0,7,0,0,0,0,0,0,0,0,0,0
06196,0,0,0,0,0,0,0,0,4,1,0,0,0,0,0,1,0,0,0,0,0,0,0,0,0,0,2,0,0,0,0,2,0,0,0,0,0,0,0,0,0,0,0,0,0,0,1,0,0,0,0,0,0,0,0,0,2,0,0,0,0,0,0,0,0,0,0,0,0,0,0,0,0,0,0,0,2,0,0,0,0,0,0,0,0,1,0
06203,0,0,0,0,0,0,0,0,0,0,0,1,0,0,0,0,0,0,0,0,0,0,0,0,0,0,9,0,0,0,3,23,0,0,0,0,0,0,0,0,0,0,0,0,0,0,5,0,0,0,0,0,0,0,0,0,1,0,0,0,0,0,0,1,0,0,1,0,0,0,0,0,0,0,0,0,2,0,0,0,0,0,0,0,0,0,0
06210,0,1,0,0,0,0,0,1,3,3,0,0,0,0,0,0,0,1,0,0,0,0,0,0,0,0,6,0,0,0,1,12,0,0,0,0,0,0,0,0,0,0,0,0,0,0,5,0,0,0,0,0,0,0,0,0,0,0,0,0,0,0,0,0,0,1,0,0,0,0,0,0,0,0,0,0,0,0,0,0,0,0,0,0,0,0,0
06224,0,0,0,0,1,0,0,13,15,3,0,26,0,0,0,0,0,0,0,0,0,0,0,0,0,0,62,0,0,0,28,66,0,0,2,0,0,0,0,0,0,0,0,0,0,0,13,0,1,3,0,0,0,0,0,0,19,0,0,0,0,0,0,1,0,0,2,0,0,0,0,0,0,0,0,0,20,0,0,0,0,0,0,7,0,2,0
06231,0,0,0,0,0,0,0,0,0,0,0,1,0,0,0,0,0,0,0,0,0,0,0,0,0,0,5,0,0,0,0,11,0,0,4,0,0,0,0,0,0,0,0,0,0,0,0,0,0,0,0,0,0,0,0,0,0,0,0,0,0,0,0,0,0,0,0,0,0,0,0,0,0,0,1,0,0,0,0,0,0,0,0,0,0,0,0
06238,0,0,0,0,0,0,0,0,0,0,0,4,0,0,0,0,0,0,0,0,0,0,0,0,0,0,16,0,0,0,1,13,0,0,1,0,0,0,0,0,0,0,0,0,0,0,0,0,0,0,0,1,0,0,0,0,10,0,0,0,0,0,0,0,0,0,0,0,0,0,0,0,0,0,0,0,2,0,0,0,0,0,0,0,0,0,0
06245,0,0,0,0,2,0,0,1,0,0,0,12,0,0,0,0,1,0,0,0,0,0,0,1,0,0,38,0,0,0,0,38,0,0,1,0,0,0,0,0,0,0,0,0,0,0,1,0,0,1,0,0,0,0,0,0,7,0,0,0,0,0,0,2,0,0,0,0,0,0,0,0,0,0,1,1,9,0,0,0,0,0,0,0,0,0,0
06252,0,0,0,0,0,2,0,2,6,10,0,9,0,0,0,2,0,5,0,0,0,0,1,0,0,0,48,0,0,0,11,80,0,0,10,3,0,0,0,0,0,0,0,0,0,0,0,0,0,0,0,0,0,0,0,0,13,0,0,0,0,0,0,7,0,2,0,0,0,0,0,0,0,0,2,0,12,0,0,0,0,0,0,0,0,2,1
06260,0,0,0,0,3,0,0,5,3,11,0,44,0,0,0,0,0,1,0,0,0,0,0,3,0,1,98,0,0,0,24,148,0,0,0,7,0,0,0,0,0,0,0,0,0,0,8,0,0,0,0,0,0,0,0,0,22,0,0,0,0,0,0,1,0,0,4,0,0,0,0,0,2,0,0,0,60,0,0,0,0,0,0,0,1,2,0
06270,0,0,0,0,0,0,0,4,9,6,0,11,0,0,0,0,0,0,0,0,0,0,0,2,0,0,27,0,0,0,7,50,0,0,3,0,0,0,0,0,0,0,0,0,0,0,7,0,0,0,0,0,0,0,0,0,10,0,0,0,0,0,0,2,0,0,1,0,0,1,0,0,0,0,0,0,8,0,0,0,1,0,0,0,0,0,0
06274,0,0,0,1,0,0,0,10,31,6,0,20,0,0,0,0,2,0,0,0,0,0,0,2,0,1,74,0,1,0,67,113,0,0,6,0,0,0,0,0,0,0,0,0,0,0,8,0,1,0,0,0,0,0,0,0,16,0,0,0,0,2,1,2,0,0,4,1,0,0,0,0,0,0,1,0,31,0,0,0,1,0,0,0,0,0,0
06277,0,0,0,0,0,0,0,0,0,0,0,1,0,0,0,0,0,0,0,0,0,0,0,0,0,0,6,0,0,0,0,11,0,0,0,0,0,0,0,0,0,0,0,0,0,0,0,0,0,0,0,0,0,0,0,0,1,0,0,0,0,0,0,0,0,1,0,0,0,0,0,0,0,0,0,0,0,0,0,0,0,0,0,0,0,0,0
06280,3,0,0,0,0,0,0,0,8,4,0,6,0,0,0,0,0,0,0,0,0,0,2,0,0,0,27,0,0,0,11,42,0,0,0,1,0,0,0,0,0,0,0,0,0,0,4,0,0,0,0,0,0,0,0,0,3,0,0,0,0,0,0,0,0,0,2,0,0,0,0,0,0,0,1,0,39,0,0,0,0,0,0,0,0,0,0
06294,0,0,0,0,0,0,0,0,0,0,0,0,0,0,0,0,0,0,0,0,0,0,0,0,0,0,1,0,0,0,0,10,0,0,0,0,0,0,0,0,0,0,0,0,0,0,0,0,0,0,0,0,0,0,0,0,0,0,0,0,0,0,0,0,0,0,0,0,0,0,0,0,0,0,0,0,0,0,0,0,0,0,0,0,0,0,0
06301,0,0,0,0,0,0,0,0,0,0,0,0,0,0,0,0,0,0,0,0,0,0,0,0,0,0,3,0,0,0,5,4,0,0,0,0,0,0,0,0,0,0,0,0,0,0,0,0,0,0,0,0,0,0,0,0,0,0,0,0,0,0,0,0,0,0,0,0,0,0,0,0,0,0,0,0,3,0,0,0,0,0,0,0,0,0,0
06315,0,0,0,0,0,0,0,0,0,0,0,0,0,0,0,0,0,0,0,0,0,0,0,0,0,0,4,0,0,0,5,12,0,0,1,1,0,0,0,0,0,0,0,0,0,0,0,0,0,0,0,0,0,0,0,0,3,0,0,0,0,0,0,0,0,0,0,0,0,0,0,0,1,0,0,0,2,0,0,0,0,0,0,0,0,0,0
06322,0,0,0,0,0,0,0,0,0,0,0,1,0,0,0,0,0,0,0,0,0,0,0,0,0,0,15,0,0,0,0,10,0,0,0,0,0,0,0,0,0,0,0,0,0,0,0,0,0,0,0,0,0,0,0,0,0,0,0,0,0,0,0,0,0,0,0,0,0,0,0,0,0,0,0,0,0,0,0,0,0,0,0,0,0,0,0
06357,0,3,10,8,64,2,17,385,474,310,6,727,0,4,0,49,16,22,7,1,0,8,25,139,3,5,1627,7,8,1,1633,4086,0,6,148,72,0,12,4,6,13,1,2,1,19,1,430,2,4,20,2,13,1,0,8,0,747,35,1,3,3,87,21,85,6,9,85,0,0,43,4,22,76,0,15,9,1669,6,7,2,1,2,3,3,2,70,0
06364,0,0,0,0,0,1,0,2,1,3,0,12,0,0,0,0,0,1,0,0,0,0,0,1,0,2,33,0,1,0,14,39,0,0,0,0,0,0,0,0,0,0,0,0,0,0,5,0,0,0,2,0,0,1,0,0,2,0,1,0,0,0,0,1,0,0,0,0,0,0,0,0,0,0,0,0,16,0,0,0,0,2,0,0,0,2,0
06371,0,0,0,0,0,0,0,7,13,3,0,41,0,0,0,0,0,1,7,0,0,0,0,0,0,0,90,0,0,0,20,150,0,0,3,9,0,0,0,0,0,0,0,0,0,0,28,0,0,0,0,0,0,0,0,0,23,0,0,0,0,1,2,2,0,0,3,0,0,3,0,0,0,0,1,0,32,0,0,0,0,0,0,0,0,3,2
06385,0,0,0,0,0,0,0,0,0,0,0,3,0,0,0,0,0,0,0,0,0,0,0,0,0,0,1,0,0,0,0,9,0,0,0,0,0,1,0,0,0,0,0,0,0,0,0,0,0,0,0,0,0,0,0,0,0,0,0,0,0,0,0,2,0,0,0,0,0,0,0,0,0,0,0,0,6,0,0,0,0,0,0,0,0,0,0
06392,0,0,0,0,0,0,0,0,0,0,0,1,0,0,0,0,0,0,0,0,0,0,0,0,0,0,3,0,0,0,0,7,0,0,0,0,0,0,0,0,0,0,0,0,0,0,0,0,0,0,0,0,0,0,0,0,0,0,0,0,0,0,0,1,0,0,0,0,0,0,0,0,0,0,0,0,4,0,0,0,0,0,0,0,0,0,0
06399,0,0,0,0,0,0,0,0,0,0,0,3,0,0,0,1,0,0,0,0,0,0,0,0,0,0,3,0,1,0,0,7,0,0,0,0,0,0,0,0,1,0,0,0,0,0,7,0,0,0,0,0,0,0,1,0,0,0,0,0,0,0,0,1,0,0,0,0,0,0,0,0,0,0,0,0,1,0,0,0,0,0,0,0,0,0,0
06408,0,1,0,0,2,0,0,5,8,2,0,41,0,0,0,2,0,0,0,0,0,0,1,0,0,1,118,0,0,1,29,268,0,0,21,5,0,0,0,0,0,0,0,0,0,0,8,0,0,0,0,0,0,3,0,0,138,7,0,0,0,5,0,0,0,0,14,0,0,0,0,0,0,0,2,0,43,0,0,0,0,1,0,0,1,2,21
06410,0,0,0,1,0,0,0,0,0,6,0,4,0,0,0,0,0,0,0,0,0,0,0,4,0,0,21,0,0,0,41,29,0,0,0,4,0,0,0,0,0,0,0,0,0,0,4,0,0,0,0,0,0,0,0,0,15,0,0,0,0,0,0,1,0,0,0,0,0,0,0,0,0,0,0,0,17,0,0,0,0,0,0,0,0,0,4
06412,1,0,0,0,0,0,0,4,6,0,0,7,0,0,0,1,0,0,0,0,0,0,0,0,0,0,15,0,0,0,26,25,0,0,1,1,0,0,0,0,0,0,0,0,0,0,0,0,0,0,0,0,0,0,0,0,2,0,0,0,0,1,0,0,0,0,1,0,0,0,0,0,0,0,0,0,1,0,0,0,0,0,0,0,0,0,0
06413,0,0,0,0,1,0,0,2,0,3,0,35,0,0,0,0,0,0,0,0,0,0,0,3,0,0,67,0,0,0,42,109,0,0,3,5,0,3,0,0,0,0,0,0,0,0,14,0,0,0,0,0,0,0,1,0,45,0,0,1,0,3,0,0,1,0,7,0,0,0,0,1,0,0,0,0,36,0,0,0,1,0,0,0,0,2,0
06420,0,0,0,0,0,0,0,0,0,0,0,5,0,0,0,0,0,0,0,0,0,0,0,2,0,0,9,0,0,0,8,24,0,0,0,0,0,0,0,0,0,0,0,0,0,0,3,0,1,0,0,0,0,0,0,0,3,0,0,0,0,0,3,0,0,0,0,0,0,0,0,0,0,0,0,0,12,0,0,0,0,0,0,0,0,0,0
06427,1,0,1,3,3,1,3,19,38,9,0,47,0,0,0,1,1,0,0,0,0,0,0,2,0,1,177,2,0,0,63,262,0,0,5,1,0,0,0,0,1,1,0,0,0,0,32,0,0,1,0,4,0,2,0,0,37,0,0,0,0,10,0,12,0,1,8,0,0,3,0,0,0,0,3,1,42,0,0,0,0,0,0,0,0,5,2
06434,0,0,0,0,1,0,0,26,10,7,0,39,0,0,0,1,5,6,0,0,0,0,0,3,0,0,90,0,0,1,14,119,1,0,14,2,0,0,0,0,1,0,0,0,0,0,25,0,1,1,0,0,0,0,0,0,37,0,0,0,1,0,0,2,0,0,10,0,0,0,0,0,0,0,2,0,46,0,0,0,0,0,0,2,0,0,0
06441,1,1,21,47,59,4,4,245,343,192,4,643,1,6,66,75,57,31,14,12,1,11,16,100,7,19,1660,7,4,8,1147,3777,11,14,482,64,1,25,19,2,36,4,3,4,13,1,416,2,0,182,8,7,53,4,1,2,1570,35,0,8,3,499,79,78,3,14,293,53,12,19,0,5,21,1,15,51,1177,0,11,0,4,14,4,0,2,81,0
06455,0,0,0,0,0,0,1,0,0,0,0,1,0,0,0,0,0,0,0,0,0,0,0,0,0,0,9,0,0,0,0,28,0,0,0,0,0,0,0,0,0,0,0,0,0,0,2,0,0,0,0,0,0,0,0,0,4,0,0,0,0,1,0,0,0,0,0,0,0,0,0,0,0,0,0,0,17,0,0,0,0,0,0,0,0,0,0
06462,0,0,0,0,0,0,0,0,0,0,0,0,0,0,0,0,0,0,0,0,0,0,0,0,0,0,4,0,0,0,1,2,0,0,0,0,0,0,0,0,0,0,0,0,0,0,0,0,0,0,0,0,0,0,0,0,0,0,0,0,0,0,0,1,0,0,0,0,0,0,0,0,0,0,0,0,9,0,0,0,0,0,0,0,0,0,0
06469,0,0,0,0,0,0,0,0,0,2,0,0,0,0,0,0,0,0,0,0,0,0,0,0,0,0,1,0,0,0,8,5,0,0,0,0,0,0,0,0,0,0,0,0,0,0,0,0,0,0,0,0,0,0,0,0,0,0,0,0,0,0,0,1,0,0,0,0,0,0,0,0,0,0,0,0,1,0,0,0,0,0,0,0,0,0,0
06483,0,0,0,0,1,0,0,2,5,1,0,13,0,0,0,0,0,0,0,0,0,0,0,2,0,0,11,0,0,0,6,17,0,0,0,0,0,0,0,0,0,0,0,0,0,0,0,0,0,0,0,0,0,0,0,0,1,0,0,0,0,1,0,0,0,0,0,0,0,0,0,0,0,0,0,0,12,0,0,0,0,0,0,0,0,0,0
06490,0,1,1,3,5,0,0,77,46,11,0,95,0,0,0,1,0,1,0,0,0,0,0,3,0,0,251,0,1,1,100,324,0,0,14,20,0,0,0,0,2,0,0,0,0,0,22,0,2,0,0,0,0,1,1,0,132,1,0,0,0,4,0,6,0,2,6,1,0,0,0,0,2,0,3,6,88,0,0,0,1,0,0,1,0,18,1
06497,0,0,0,0,2,0,0,3,5,3,0,12,0,0,0,0,1,0,0,0,0,0,0,1,0,0,23,0,0,0,42,35,0,0,12,5,0,1,1,0,0,0,0,0,0,0,19,0,0,1,1,0,0,1,0,0,28,0,0,0,1,0,0,1,0,0,5,0,0,7,0,0,0,0,1,0,20,0,0,0,0,0,0,2,0,0,0
06505,0,0,0,0,0,0,0,0,3,0,0,1,0,0,0,0,0,0,0,0,0,0,0,0,0,0,2,0,0,0,2,13,0,0,0,0,0,0,0,0,0,0,0,0,0,0,0,0,0,0,0,0,0,0,0,0,0,0,0,0,0,0,0,0,0,0,0,0,0,0,0,0,0,0,0,0,2,0,0,0,0,0,0,0,0,0,0
06511,0,0,0,0,0,0,0,0,0,0,0,1,0,0,0,0,0,0,0,0,0,0,0,0,0,0,4,0,0,0,1,9,0,0,1,0,0,0,0,0,0,0,0,0,0,0,0,0,0,0,0,0,0,0,0,0,4,0,0,0,0,0,0,0,0,0,0,0,0,0,0,0,0,0,0,0,4,0,0,0,0,0,0,0,0,0,0
06515,0,2,0,5,0,0,0,1,39,4,0,20,0,0,0,0,1,1,0,1,0,0,0,18,0,0,34,0,0,0,60,77,0,0,4,3,0,0,0,0,0,0,0,0,0,0,5,0,0,0,0,0,0,0,0,0,11,0,0,0,0,0,0,0,0,0,0,0,0,0,0,0,0,0,0,0,32,1,0,0,0,0,0,0,1,6,0
06518,0,0,0,0,1,0,0,2,0,0,0,13,0,0,0,1,0,0,0,0,0,0,0,0,0,0,16,0,0,0,4,21,0,0,0,0,0,0,0,0,0,0,0,0,0,0,0,0,0,0,0,0,0,0,0,0,0,0,0,0,0,0,0,2,0,0,0,0,0,0,0,0,0,0,0,0,10,0,0,0,0,0,0,0,0,0,0
06525,2,0,0,0,0,0,0,0,0,0,0,1,0,0,0,0,0,0,0,0,0,0,0,0,0,0,3,0,1,1,3,3,0,0,0,0,0,0,0,0,0,0,0,0,0,0,2,0,0,0,0,0,0,0,0,0,1,0,0,0,0,0,0,0,0,0,0,0,0,0,0,0,0,0,0,0,0,0,0,0,0,0,0,0,0,0,0
06532,0,0,0,0,10,0,1,0,0,0,0,12,0,0,0,0,0,0,0,0,0,0,0,6,0,0,44,0,0,0,35,113,0,0,1,0,0,0,0,0,0,0,0,0,0,0,9,0,0,0,0,0,0,0,0,0,14,0,0,0,0,1,0,2,0,0,1,0,0,0,0,0,0,0,0,0,50,0,0,0,0,0,0,0,0,2,0
06539,0,0,4,0,1,1,2,28,10,7,0,20,0,0,0,4,1,3,0,0,0,0,1,0,0,0,55,0,2,0,33,113,0,0,9,2,0,2,0,0,0,0,0,0,0,0,12,0,0,0,0,0,1,0,0,0,32,0,0,0,0,44,1,2,0,1,10,0,0,0,0,0,0,0,0,1,43,1,0,0,0,0,0,1,0,5,0
06547,0,0,0,0,3,0,0,5,6,10,0,32,0,0,0,0,0,1,0,0,0,0,0,3,0,0,63,0,0,0,11,125,0,0,0,4,0,0,0,0,0,0,0,0,0,0,2,0,0,0,0,0,0,0,0,0,14,0,0,0,0,1,0,1,0,0,4,0,0,0,0,0,2,0,0,0,59,0,0,0,0,0,0,0,1,1,0
06553,0,0,0,0,0,0,0,2,0,21,0,1,0,0,0,0,0,0,0,0,0,0,0,0,0,0,5,0,0,0,0,0,0,0,1,1,0,0,0,0,0,0,0,0,0,0,0,0,0,0,0,0,0,0,0,0,1,0,0,0,0,0,0,1,0,0,1,0,0,0,0,0,0,0,0,0,0,0,0,0,0,0,0,0,0,0,0
06560,0,2,0,0,2,0,0,3,3,0,0,16,0,0,0,0,1,2,0,0,0,0,0,0,0,2,63,0,0,0,19,74,0,0,2,0,0,0,0,0,0,0,0,0,0,0,3,0,0,0,0,0,0,0,0,0,9,0,0,0,0,1,0,0,0,0,1,0,0,0,0,1,0,0,0,0,18,0,0,0,1,0,0,0,0,2,0
06568,0,0,0,0,6,0,0,6,27,7,0,43,2,0,0,1,0,2,0,0,0,0,1,2,0,0,101,0,2,3,60,137,0,0,2,4,0,1,0,0,0,0,0,0,3,0,14,0,0,1,0,2,0,1,0,0,22,0,0,0,0,1,3,3,1,1,1,0,0,0,0,0,5,0,1,0,48,0,0,0,0,0,0,2,0,4,0
06574,0,0,0,0,0,0,0,1,1,0,0,4,0,0,0,0,0,1,0,0,0,0,0,0,0,0,11,0,0,0,0,14,0,0,1,0,0,0,0,0,0,0,0,0,0,0,0,0,0,0,0,0,0,0,0,0,1,0,0,0,0,0,0,0,0,0,0,0,0,0,0,0,0,0,0,0,7,0,0,0,0,0,0,0,0,0,0
06581,0,0,0,0,2,0,2,29,21,13,0,47,0,0,0,0,0,2,0,0,0,0,0,6,0,0,117,0,0,0,57,171,0,0,6,15,0,1,0,0,0,0,0,0,1,0,52,2,0,1,0,0,0,0,0,0,37,1,0,0,0,22,0,9,0,0,2,2,0,1,0,0,0,0,0,1,82,0,1,0,0,0,0,0,0,1,0
06588,0,0,0,0,0,0,0,2,0,0,0,0,0,0,0,0,0,0,0,0,0,0,0,0,0,0,2,0,0,0,1,6,0,0,0,1,0,0,0,0,0,0,0,0,0,0,3,0,0,0,0,0,1,0,0,0,5,2,0,0,0,0,0,0,0,0,0,0,0,0,0,0,0,0,0,0,0,0,0,0,0,0,0,0,0,1,0
06595,0,0,0,0,3,1,1,0,5,8,1,10,0,0,0,0,1,0,0,0,0,0,0,7,0,0,41,0,0,0,29,94,0,0,3,2,0,3,0,0,0,0,0,0,0,0,20,0,0,1,0,0,0,0,0,0,14,0,0,1,0,0,0,3,0,0,2,0,0,0,0,0,0,0,0,0,85,0,1,0,0,0,0,0,0,2,0
06602,0,0,0,0,3,0,0,1,0,4,0,15,2,0,0,1,10,0,2,0,0,0,0,1,0,3,40,0,1,0,103,82,2,0,16,0,0,0,0,0,1,0,1,0,1,0,67,0,1,0,0,0,0,0,0,0,48,9,0,0,0,8,0,2,0,0,14,0,0,1,0,0,3,0,0,6,25,0,0,0,1,0,0,0,0,5,0
06623,0,0,0,1,4,0,0,1,8,10,3,70,0,0,0,9,3,0,0,0,1,1,0,3,0,1,118,0,0,5,38,253,2,1,29,47,0,0,0,0,2,0,0,0,1,0,24,0,1,0,0,0,2,0,0,0,77,1,0,0,1,3,6,4,1,0,17,0,0,0,0,0,0,0,0,3,40,0,0,0,0,0,0,0,0,3,0
06638,0,0,1,2,11,0,0,39,51,39,0,61,0,0,0,1,5,3,0,0,0,0,1,3,0,0,147,0,0,1,127,250,0,0,28,8,0,2,0,0,11,0,0,0,0,0,21,0,0,0,2,1,0,0,0,0,75,7,0,0,1,3,1,5,5,0,20,0,0,2,0,1,0,0,5,2,124,0,0,0,0,0,0,2,0,2,0
06644,0,0,0,0,2,0,0,6,4,4,1,20,0,0,0,2,1,0,0,0,0,0,0,12,0,0,41,0,0,0,33,62,0,0,1,10,0,1,0,0,0,0,0,0,0,0,9,0,0,0,0,0,0,0,0,0,62,0,0,0,0,0,0,5,0,0,0,0,0,0,0,2,0,0,0,0,38,0,1,0,0,0,0,0,0,8,0
06648,0,0,0,0,0,0,0,6,1,0,0,1,0,0,0,0,0,0,0,0,0,0,0,0,0,0,5,0,0,0,7,11,0,0,0,3,0,0,0,0,0,0,0,0,0,0,4,0,0,0,0,0,0,0,0,0,4,0,0,0,0,0,0,0,0,0,0,0,0,0,0,0,0,0,0,0,0,0,0,0,0,0,0,0,0,1,0
06651,0,0,0,0,2,0,0,0,0,0,0,2,0,0,0,0,0,0,0,0,0,0,0,0,0,0,1,0,0,0,0,10,0,0,0,0,0,1,0,0,0,0,0,0,0,0,0,0,0,0,0,0,0,0,0,0,1,0,0,0,0,0,0,0,0,0,0,0,0,0,0,0,0,0,0,0,9,0,0,0,0,0,0,0,0,0,0
06655,0,0,0,0,0,0,0,0,0,0,0,0,0,0,0,0,0,0,0,0,0,0,0,0,0,0,4,0,0,0,0,5,0,0,0,0,0,0,1,0,0,0,0,0,0,0,0,0,0,0,0,0,0,0,0,0,0,0,0,0,0,0,0,2,0,0,0,0,0,0,0,0,0,0,0,0,0,0,0,0,0,0,0,0,0,0,0
06658,0,0,0,2,9,0,1,90,46,34,2,167,2,5,0,6,4,5,1,0,0,1,9,11,1,1,277,0,3,11,135,786,0,0,15,20,0,3,1,1,5,0,0,0,0,0,37,2,0,0,0,2,0,0,0,0,129,4,0,0,0,13,2,9,4,1,9,4,1,4,0,3,1,0,1,8,301,0,0,1,3,0,0,0,1,15,1
06665,0,0,0,0,0,0,1,1,1,0,0,32,0,0,0,0,0,0,0,0,0,0,0,1,0,0,48,2,1,0,3,53,0,0,0,0,0,0,0,0,0,0,0,0,0,0,9,0,0,2,0,0,0,0,0,0,4,0,0,0,0,0,0,0,0,0,0,0,0,0,0,0,0,0,0,0,16,0,0,0,0,0,0,0,0,0,0
06672,0,0,0,0,0,0,0,0,0,0,0,0,0,0,0,0,0,0,0,0,0,0,0,1,0,0,7,0,0,0,3,3,0,0,1,0,0,0,0,0,0,0,0,0,0,0,6,0,0,0,0,0,0,0,0,0,0,0,0,0,0,0,0,0,0,0,0,0,0,0,0,1,0,0,0,0,3,0,0,0,0,0,0,0,0,2,0
06686,0,0,0,0,0,0,0,0,1,1,0,3,0,0,0,0,0,0,0,0,0,0,0,4,0,0,5,0,0,0,6,13,0,0,0,0,0,0,0,0,0,0,0,0,0,0,1,0,0,0,0,0,0,0,0,0,1,0,0,0,1,0,0,0,0,0,0,0,0,0,0,0,0,0,0,1,16,0,0,0,0,0,0,0,0,0,0
06693,0,0,0,0,0,0,0,2,0,0,0,1,0,0,0,0,0,0,0,0,0,0,0,0,0,0,2,0,0,0,1,3,0,0,1,0,0,0,3,0,0,0,0,0,0,0,0,0,0,0,0,0,0,0,0,0,4,0,0,0,0,0,0,0,0,0,0,0,0,0,0,0,0,0,0,1,1,0,0,0,0,0,0,0,0,0,0
06700,0,0,0,0,0,0,0,0,3,1,0,0,0,0,0,0,0,0,0,0,0,0,0,8,0,0,2,0,0,0,0,3,0,0,0,0,0,0,0,0,0,0,0,0,0,0,0,0,0,0,0,0,0,0,0,0,0,0,0,0,0,0,0,0,0,0,0,0,0,0,0,0,0,0,0,0,0,0,0,0,0,0,0,0,0,0,0
06707,0,0,0,0,0,0,0,0,0,1,0,2,0,0,0,0,0,0,0,0,0,0,0,0,0,0,2,0,0,0,1,13,0,0,0,0,0,0,0,0,0,0,0,0,0,0,2,0,0,0,0,0,0,0,0,0,0,0,0,0,0,0,0,0,0,0,0,0,0,0,0,0,0,0,0,0,5,0,1,0,0,0,0,0,0,0,0
06714,0,0,0,0,0,0,0,0,0,0,0,2,0,0,0,0,0,0,0,0,0,0,0,0,0,0,7,0,0,0,2,0,0,0,0,0,0,0,0,0,0,0,0,0,0,0,0,0,0,0,0,0,0,0,0,0,3,0,0,0,0,0,0,0,0,0,0,0,0,0,0,0,0,0,0,0,0,0,0,0,0,0,0,0,0,0,0
06728,0,0,0,0,0,0,0,0,0,0,0,1,0,0,0,0,0,0,0,0,0,0,0,0,0,0,4,0,0,0,0,4,0,0,0,0,0,0,0,0,0,0,0,0,0,0,0,1,0,0,0,1,0,0,0,0,3,0,0,0,0,0,0,0,0,0,0,0,0,0,0,0,0,0,0,0,1,0,0,0,0,0,0,0,0,0,0
06735,0,0,0,0,0,0,0,0,4,1,0,1,0,0,0,0,0,0,0,0,0,0,0,0,0,0,8,0,0,0,8,12,0,0,0,0,0,0,0,0,0,0,0,0,0,0,0,0,0,0,0,0,0,0,0,0,0,0,0,0,0,0,0,0,0,0,1,0,0,0,0,0,0,0,0,0,1,0,0,0,0,0,0,0,0,0,0
06742,0,0,0,0,0,0,0,0,0,0,0,1,0,0,0,0,0,0,0,0,0,0,0,0,0,0,1,0,0,0,0,11,0,0,0,0,0,0,0,0,0,0,0,0,0,0,0,0,0,0,0,0,0,0,0,0,1,0,0,0,0,0,0,0,0,0,0,0,0,0,0,0,0,0,0,0,2,0,0,0,0,0,0,0,0,0,0
06749,0,0,0,0,1,0,0,6,13,8,0,14,0,0,0,0,0,4,0,0,0,0,1,0,0,0,70,0,0,0,42,138,0,0,69,5,0,0,2,0,0,0,0,0,0,0,9,0,0,0,0,0,0,0,0,0,56,0,0,0,0,0,0,2,0,0,1,1,0,1,0,0,0,1,1,0,62,0,0,0,0,0,0,0,0,1,0
06756,0,9,0,0,4,2,1,8,13,16,0,32,0,0,0,0,1,3,1,0,0,0,10,1,0,0,68,0,1,0,21,163,0,1,16,0,0,18,0,0,0,0,0,0,0,0,36,0,0,0,0,1,0,1,0,0,34,8,0,0,0,2,0,7,0,0,0,1,0,0,0,0,6,0,2,0,63,0,0,0,0,0,0,0,0,0,0
06760,0,0,0,5,12,3,1,40,101,39,1,202,0,0,0,5,6,21,0,1,0,0,5,12,0,0,629,1,0,2,146,1284,0,0,42,31,0,0,0,0,0,0,1,0,7,0,52,0,0,0,0,1,0,2,1,0,168,2,0,1,0,27,1,8,1,0,16,0,0,2,0,1,138,0,1,9,250,0,0,1,0,1,0,4,1,12,0
06763,0,0,0,0,4,0,0,3,28,18,0,35,0,1,0,1,1,2,0,0,0,0,2,7,0,0,122,0,2,0,16,216,0,0,1,0,1,0,0,2,0,0,0,0,0,0,8,0,0,0,0,0,0,0,0,0,20,1,0,0,0,0,0,0,0,0,0,0,0,0,0,0,0,0,2,0,41,0,0,0,0,0,0,0,0,2,0
06770,0,0,0,0,0,0,0,0,2,0,0,1,0,0,0,1,1,0,0,0,0,0,0,0,0,3,18,0,0,0,5,61,0,0,4,0,0,0,0,0,0,0,0,0,0,0,1,0,0,0,0,0,0,0,0,0,1,0,0,0,0,0,0,0,0,0,8,0,0,0,0,0,0,0,0,0,15,0,0,0,0,0,0,0,0,0,0
06778,0,0,0,0,0,0,0,0,6,0,0,10,0,0,0,0,0,0,0,0,0,0,0,0,0,0,8,0,1,0,13,7,0,0,0,0,0,0,0,0,0,0,0,0,0,0,1,0,0,0,0,0,0,0,0,0,2,0,0,0,0,0,0,0,0,0,0,0,0,0,0,0,0,0,0,0,3,0,0,0,0,0,0,0,0,0,0
06784,0,0,0,0,0,0,0,0,0,1,0,0,0,0,0,2,0,0,0,0,0,0,0,0,0,0,7,0,0,0,0,7,0,0,0,0,0,0,0,0,0,0,0,0,0,0,1,0,0,0,0,0,0,0,0,0,1,0,0,0,0,0,0,1,0,0,0,0,0,0,0,0,0,0,0,0,1,0,0,0,0,0,0,0,0,0,0
06791,0,1,11,0,18,2,1,39,112,124,1,303,0,13,0,69,30,7,5,1,1,0,3,64,11,13,773,1,9,2,947,1677,0,1,65,51,0,18,6,0,4,0,16,0,18,0,512,17,4,8,1,4,3,3,0,6,359,5,0,0,1,167,11,38,3,5,100,0,5,6,0,2,26,1,3,3,848,0,16,0,2,0,2,0,0,64,0
06798,0,0,0,0,0,0,0,0,0,0,0,2,0,0,0,0,0,0,0,0,0,0,0,0,0,0,4,0,0,0,0,6,0,0,0,0,0,0,0,0,0,0,0,0,0,0,0,0,0,0,0,0,0,0,0,0,0,0,0,0,0,0,0,1,0,0,0,0,0,0,0,0,0,0,0,0,0,0,0,0,0,0,0,0,0,0,0
06805,1,7,0,1,2,0,0,2,62,42,0,75,2,0,0,4,2,1,0,0,0,0,1,2,0,0,160,1,1,0,41,209,0,0,9,1,0,1,0,0,0,0,0,0,0,0,20,0,0,0,0,0,0,0,0,0,30,0,0,1,0,9,4,13,0,0,11,0,0,0,0,0,0,0,9,0,44,0,0,0,0,0,0,0,1,2,0
06819,0,0,0,0,1,0,0,0,0,0,0,4,0,0,0,0,0,4,0,0,0,0,0,0,0,1,9,0,0,0,8,32,0,0,1,0,1,0,0,0,0,0,0,0,0,0,2,0,0,0,0,0,0,0,0,0,3,0,0,0,0,0,0,0,0,0,1,0,0,0,0,0,0,1,0,0,3,0,0,0,0,0,0,0,0,0,0
06826,0,0,0,1,4,0,0,5,2,3,0,20,0,0,0,1,0,0,0,0,0,0,0,0,0,0,33,0,0,0,15,51,0,0,1,1,0,0,0,0,0,0,0,0,0,0,2,0,0,0,0,0,0,0,0,0,5,10,0,0,0,0,0,0,0,0,0,0,0,1,0,0,0,0,0,0,23,0,0,0,0,0,0,0,0,0,0
06833,0,0,0,0,0,1,0,1,45,1,0,15,0,0,0,0,0,0,0,0,0,0,2,1,0,0,25,0,0,0,33,28,0,0,2,1,0,0,0,0,0,0,0,0,0,0,8,0,0,0,0,1,0,0,0,0,1,0,0,0,0,0,0,3,0,0,0,0,0,0,0,0,0,0,0,0,28,0,0,0,0,0,0,0,0,3,0
06840,0,0,0,0,0,0,2,4,17,5,0,57,0,0,0,2,1,1,0,0,0,0,0,1,0,2,106,0,0,0,33,66,0,0,4,5,0,0,0,0,0,0,0,0,0,1,11,0,0,0,0,0,0,0,0,0,26,1,0,0,0,4,0,8,0,0,3,0,0,0,0,0,0,0,2,1,20,0,0,0,0,0,0,0,0,1,1
06854,0,0,0,0,0,0,0,2,0,2,0,3,0,0,0,0,0,0,0,0,0,0,0,0,0,0,3,0,0,0,4,9,0,0,0,0,0,0,0,0,0,0,0,0,0,1,0,0,0,0,0,0,0,0,0,0,0,0,0,0,0,0,0,0,0,0,0,0,0,0,0,0,0,0,0,0,0,0,0,0,0,0,0,0,0,0,0
06861,0,0,0,0,2,0,0,6,5,9,0,44,1,1,1,5,0,1,1,0,0,0,0,0,0,0,138,0,0,1,18,188,0,0,68,1,0,0,0,0,0,0,0,1,0,0,13,0,0,0,0,2,1,0,0,0,42,9,0,0,0,0,0,7,0,0,3,0,0,0,0,0,0,0,2,2,20,0,0,0,0,0,0,0,0,0,0
06868,0,0,0,0,0,0,0,1,0,0,0,12,0,0,0,0,0,0,0,0,0,0,0,2,0,0,10,0,0,1,7,35,0,0,0,1,1,0,0,0,0,0,0,0,0,0,1,0,0,0,0,0,0,0,0,0,1,0,0,0,0,1,1,3,16,0,1,0,0,0,0,0,0,0,0,0,49,0,0,0,0,0,0,0,0,0,0
06882,0,0,0,0,0,0,0,1,0,2,0,3,1,0,0,1,0,1,0,0,0,0,0,0,0,0,10,0,2,0,7,41,0,0,1,3,0,0,0,0,0,0,0,0,0,0,0,0,0,0,0,0,0,0,0,0,7,0,0,0,0,0,0,0,0,0,0,0,0,1,0,0,0,0,0,0,12,0,0,0,0,0,0,0,0,0,0
10021,0,0,0,0,0,0,1,0,0,0,0,1,0,0,0,0,0,0,0,0,0,0,0,0,0,0,4,0,0,0,0,12,0,0,0,0,0,0,0,0,0,0,0,0,0,0,6,1,0,0,0,0,0,0,0,0,0,0,0,0,0,0,0,0,0,0,0,0,0,0,0,0,0,0,0,0,1,0,0,0,0,0,0,0,0,0,0
10049,0,0,0,0,7,0,0,37,32,16,2,78,0,0,0,1,2,13,0,0,0,0,0,2,4,0,250,1,1,0,93,714,0,0,13,6,1,0,2,0,2,1,0,0,0,0,35,0,1,0,0,2,0,0,0,0,97,0,0,1,0,9,0,13,0,3,12,0,0,1,0,1,0,0,0,1,102,0,0,0,0,0,0,0,0,6,0
10105,0,0,0,0,0,0,0,0,0,0,0,10,0,0,0,0,0,0,0,1,0,0,0,0,0,0,5,0,0,0,0,14,0,0,0,0,0,0,0,0,0,0,0,0,0,0,0,0,0,0,0,0,0,0,0,0,7,0,0,0,0,0,0,1,0,0,0,0,0,0,0,0,0,0,0,0,4,0,0,0,0,0,0,0,0,0,0
14007,0,0,0,0,0,0,1,1,0,0,0,2,0,0,0,0,0,0,0,0,0,0,0,2,0,8,29,1,0,0,24,39,0,0,7,0,0,0,0,0,0,0,0,0,0,0,6,0,0,0,0,0,0,0,0,0,12,0,0,0,0,0,3,0,0,0,0,0,0,2,0,0,0,0,0,0,7,0,0,0,0,0,0,0,0,1,0
14014,2,8,13,96,134,29,14,773,1354,708,19,1610,4,24,23,246,97,68,40,24,4,30,23,403,17,73,4422,9,15,86,2456,10767,9,9,1117,316,2,97,47,12,73,4,9,12,88,7,816,12,36,2,79,25,6,6,9,11,4022,142,3,9,9,395,138,193,48,26,443,7,6,48,62,41,138,23,65,122,3784,3,8,46,19,22,17,10,18,232,0
14021,1,0,0,0,8,0,2,4,53,5,0,61,0,0,0,4,3,4,0,0,0,0,0,3,0,6,178,0,0,0,42,331,0,0,21,1,0,2,0,0,0,0,0,0,0,1,22,0,1,0,0,0,0,0,0,0,142,2,0,0,1,7,0,8,0,0,14,0,0,0,0,0,0,0,0,2,73,1,0,0,1,0,0,5,3,8,0
14028,0,0,0,2,0,0,0,0,2,2,0,27,0,0,0,0,0,0,0,0,0,0,0,0,0,0,50,0,0,0,17,113,0,0,4,1,0,0,0,0,0,0,0,0,0,0,8,0,0,0,0,0,0,0,1,0,44,0,0,0,0,0,0,3,0,1,0,0,0,0,0,0,0,0,1,4,47,7,0,0,0,0,0,0,0,1,0
14035,0,0,0,0,0,0,0,0,5,0,0,2,0,0,0,0,0,0,0,0,0,0,0,0,0,0,7,0,0,0,5,2,0,0,0,0,0,0,0,0,0,0,0,0,0,0,7,0,0,0,0,0,0,0,0,0,2,0,0,0,0,0,0,0,0,0,0,0,0,0,0,0,0,0,0,0,0,0,0,0,0,0,0,0,0,0,0
14042,0,0,0,1,7,0,2,10,43,5,0,67,0,0,0,3,5,5,0,0,0,0,0,11,5,1,223,1,1,0,100,520,1,0,34,2,1,1,0,1,0,0,0,0,1,0,48,1,1,0,0,1,0,0,0,0,159,4,0,1,1,6,0,10,0,0,11,0,0,1,0,0,3,0,2,0,233,0,0,0,0,0,0,0,0,8,0
14049,0,0,0,0,0,0,0,0,0,0,0,0,0,0,0,0,0,0,0,0,0,0,0,0,0,0,4,0,0,0,2,10,0,0,0,0,0,0,0,0,0,0,0,0,0,0,0,0,0,0,0,0,0,0,0,0,14,0,0,0,0,0,0,0,0,0,1,0,0,0,0,0,0,0,0,0,3,0,0,0,0,0,0,0,0,0,0
14056,0,0,0,0,1,0,0,0,6,8,0,24,0,0,0,1,0,0,0,0,0,0,0,0,0,0,49,0,0,0,10,79,0,0,2,0,0,0,0,0,0,0,0,0,0,0,3,0,0,0,0,0,0,0,0,0,7,0,0,0,0,0,0,0,0,2,1,0,0,0,0,0,0,0,0,0,12,0,0,0,0,0,0,0,0,3,0
14063,0,0,0,0,0,0,0,0,19,0,0,6,0,0,0,0,0,0,0,0,0,0,0,0,0,0,27,0,0,0,19,55,0,0,6,1,0,0,0,0,0,0,0,0,0,0,3,0,0,0,0,0,0,1,1,0,14,0,0,0,0,2,1,7,0,2,0,0,0,0,0,0,0,0,0,0,43,0,0,0,0,0,0,1,0,2,0
14084,0,0,0,0,0,0,0,1,0,1,0,1,0,0,0,0,0,0,0,0,0,0,0,0,0,0,4,0,0,0,3,1,0,0,0,6,0,1,0,0,0,0,0,0,0,0,0,0,0,0,0,0,0,0,0,0,5,0,0,0,0,0,0,0,0,0,0,0,0,0,0,0,0,0,0,0,1,0,0,0,0,0,0,0,0,0,0
14091,0,0,0,2,5,0,1,15,53,14,0,95,0,0,0,0,3,1,0,0,0,0,3,3,1,1,259,0,1,1,121,289,0,0,57,8,0,0,0,1,0,0,0,0,0,1,35,1,1,0,1,0,0,0,0,0,119,0,0,0,1,3,1,4,2,2,2,1,0,1,0,1,0,0,2,1,164,0,1,2,1,0,1,0,0,15,0
14098,0,0,4,9,14,1,7,76,21,34,0,114,0,0,0,20,7,8,2,1,0,0,1,23,2,3,353,2,1,23,267,709,0,0,69,4,0,4,5,1,4,0,0,0,3,0,80,4,0,3,0,2,0,1,1,0,332,4,0,1,0,110,9,6,0,0,37,0,0,0,0,4,2,0,1,12,186,0,1,0,2,3,1,0,0,24,0
14119,0,0,0,0,1,0,0,1,14,0,0,9,0,0,0,0,0,0,0,0,0,0,0,0,0,0,33,1,0,0,11,25,0,0,11,7,0,0,3,0,0,0,0,0,0,0,3,0,0,0,0,0,0,0,0,0,11,0,0,0,0,0,0,0,0,0,1,0,0,0,0,0,0,0,2,0,5,0,0,0,0,0,0,0,1,0,0
14126,0,0,0,0,0,0,0,0,11,0,0,7,0,0,0,0,0,0,0,0,0,0,0,0,0,0,25,0,0,0,3,25,0,0,0,11,0,0,0,0,0,0,0,0,0,0,1,0,0,0,0,0,0,0,0,0,12,0,0,0,0,0,0,1,0,0,0,0,0,0,0,0,0,0,0,0,0,0,0,0,0,0,0,13,1,1,0
14140,0,0,0,1,4,0,2,20,106,15,0,90,0,0,0,14,8,3,0,0,0,0,0,2,0,2,187,1,1,0,34,448,0,0,10,6,0,1,7,0,1,0,0,0,0,0,60,0,0,0,0,1,0,0,1,0,94,0,0,0,0,13,0,15,0,2,9,0,0,0,0,0,0,0,0,1,198,0,0,0,0,0,0,0,0,66,0
14147,0,0,0,1,2,0,0,9,11,7,0,22,0,0,0,1,1,0,0,0,0,0,0,0,0,1,70,0,1,1,18,152,0,0,3,2,0,0,0,0,0,0,0,0,0,0,12,0,1,0,0,0,0,0,0,0,43,0,0,0,0,2,3,6,0,0,3,0,0,1,0,0,0,1,0,0,34,0,0,0,1,0,0,0,3,9,0
14161,0,0,0,1,5,0,0,3,2,7,0,26,0,0,0,0,11,1,7,0,0,0,0,0,0,0,64,0,0,0,32,115,0,0,12,0,0,5,0,0,0,0,0,0,0,0,17,0,1,0,0,0,0,0,0,0,29,0,0,0,0,18,0,0,0,0,9,0,0,0,0,1,0,0,1,1,23,0,0,0,0,1,0,0,0,1,0
14182,0,0,0,0,0,0,0,0,1,0,0,24,0,0,0,1,0,1,0,0,0,0,0,8,0,0,61,0,0,0,16,57,1,0,15,1,0,1,0,0,1,0,0,0,1,0,27,0,1,0,1,0,0,0,1,0,31,6,0,0,0,1,2,4,0,0,11,0,0,0,0,0,0,0,0,3,32,0,0,0,0,0,0,0,6,0,0
18007,0,0,0,4,0,0,0,1,0,1,0,4,0,3,0,0,0,0,18,0,0,0,0,0,0,0,18,0,0,2,10,55,0,0,4,0,0,2,0,0,0,0,0,0,0,0,1,0,0,0,0,0,0,0,0,0,3,0,0,0,0,6,1,1,0,0,1,0,0,0,0,0,0,0,0,0,6,0,0,0,1,0,0,0,0,0,0
18021,0,3,2,1,22,1,17,74,247,63,0,273,0,0,3,10,15,4,3,2,0,1,15,35,3,7,806,5,7,1,475,1661,0,0,115,5,0,13,3,2,3,0,1,1,1,0,284,4,2,3,1,2,0,3,0,0,430,11,0,2,3,31,11,25,0,4,30,1,0,1,0,7,5,0,35,6,681,0,1,0,1,1,0,1,15,76,0
18084,0,0,0,0,0,0,0,0,0,5,0,1,0,0,0,0,0,0,0,0,0,0,0,0,0,0,4,0,0,0,10,17,0,0,0,1,0,0,0,0,0,0,0,0,0,0,0,0,0,0,0,0,0,0,0,0,3,0,0,0,0,0,0,1,0,0,0,0,0,0,0,0,0,0,0,0,8,0,0,0,0,0,0,0,0,0,0
18168,0,0,0,0,0,0,0,0,0,0,0,0,0,0,0,0,0,0,0,0,0,0,0,0,0,0,1,0,0,0,3,3,0,0,0,0,0,0,0,0,0,0,0,0,0,0,10,0,0,0,0,0,0,0,0,0,1,0,0,0,0,0,0,0,0,0,0,0,0,0,0,1,0,0,0,0,1,0,0,0,0,0,0,0,0,0,0
22021,0,0,0,0,0,0,0,0,3,2,0,19,0,0,0,3,0,1,0,0,0,0,0,0,0,0,45,0,0,0,32,83,0,0,2,3,0,0,0,0,0,0,0,0,0,0,0,0,0,0,0,0,0,0,0,0,58,0,0,0,0,0,0,3,0,0,0,0,0,0,0,0,0,0,0,0,8,0,0,0,0,0,0,0,0,0,0
22098,0,0,0,0,0,0,0,0,1,0,0,0,0,0,0,0,0,0,0,0,0,0,0,7,0,0,4,0,0,0,0,13,0,0,0,0,0,0,0,0,0,0,0,0,0,0,6,0,0,0,0,0,0,0,1,0,3,0,0,0,0,0,0,0,0,0,0,0,0,0,0,0,0,0,0,0,2,0,0,0,0,0,0,0,0,2,0
22105,0,0,0,0,0,0,0,0,0,0,0,5,0,0,0,0,0,0,0,0,0,0,0,0,0,0,8,0,0,0,3,17,0,0,0,3,0,0,0,0,0,0,0,0,0,0,0,0,0,0,0,0,0,0,0,0,2,0,0,0,0,0,0,0,0,0,0,0,0,0,0,0,0,0,0,0,7,0,0,0,0,0,0,0,0,0,0
22140,0,1,0,5,11,0,4,25,180,34,0,242,0,3,0,15,7,2,1,0,0,0,22,22,0,5,572,1,3,0,498,1001,0,0,74,18,0,2,0,1,1,0,2,0,7,0,193,1,3,4,4,2,0,3,1,0,440,10,0,0,2,14,3,9,0,1,34,3,0,2,0,4,0,0,4,3,317,0,0,0,0,1,1,1,0,18,0
22168,0,0,0,0,0,0,0,0,0,0,0,4,0,0,0,0,0,0,0,0,0,0,0,0,0,0,8,0,0,0,4,7,0,0,0,0,0,0,0,0,0,0,0,0,0,0,0,0,0,0,0,0,0,0,0,0,23,0,0,0,0,0,0,0,0,0,0,0,1,0,0,0,0,0,0,0,0,0,0,0,0,0,0,0,0,0,0
26007,0,0,0,12,2,0,0,185,2,5,0,8,0,1,0,0,0,1,13,0,0,0,8,2,0,0,57,0,0,0,36,133,0,0,12,4,0,0,0,0,6,0,0,0,0,0,23,0,0,0,0,0,0,1,0,0,36,3,0,0,0,0,0,2,0,0,5,0,0,0,0,0,0,0,0,2,20,0,1,0,0,1,1,0,0,0,0
26021,0,0,2,0,3,0,2,0,13,3,0,24,0,0,0,1,1,2,0,0,0,0,0,3,0,0,68,0,0,0,43,93,0,0,24,0,0,0,0,0,0,0,0,0,0,0,14,2,0,0,0,0,0,0,0,0,30,0,0,0,0,0,1,1,0,0,8,0,0,0,0,1,0,0,0,1,23,0,0,0,0,0,0,0,0,4,0
26035,0,0,0,0,2,0,0,0,3,5,0,19,0,0,0,2,1,0,0,0,0,0,0,0,0,0,44,0,0,0,11,97,0,0,0,0,0,0,0,0,0,0,0,0,0,0,6,0,0,0,0,0,0,0,0,0,13,0,0,0,0,3,0,3,0,0,1,0,0,0,0,0,0,0,0,0,57,0,0,0,0,0,0,0,0,3,0
26042,0,0,0,0,0,0,1,3,18,0,0,1,0,0,0,0,0,0,0,0,0,0,0,0,0,0,20,0,0,0,5,12,0,0,2,0,0,0,0,0,1,0,0,0,0,0,1,1,0,0,0,0,0,0,0,0,9,0,0,0,0,0,0,0,0,0,0,0,0,0,0,0,0,0,0,0,15,0,0,0,0,0,0,0,0,0,0
26077,0,0,2,0,19,2,1,40,32,12,0,84,0,0,0,0,4,0,0,0,0,0,0,4,0,1,157,2,2,3,119,384,0,1,40,3,0,5,0,0,1,0,1,0,1,1,61,5,0,2,0,2,2,5,0,0,150,0,0,0,0,21,0,9,0,0,17,2,0,0,0,0,0,0,4,11,116,0,0,0,0,0,0,1,1,16,0
30008,0,0,0,0,1,0,0,1,3,5,0,10,0,1,0,0,0,0,0,0,0,0,0,0,0,0,35,0,0,0,13,79,0,0,0,10,0,0,0,0,0,0,1,0,0,0,11,0,0,3,0,0,0,0,1,0,10,1,0,0,0,0,5,1,0,0,1,0,0,0,0,1,4,0,0,0,14,0,0,0,0,0,0,0,2,3,0
30015,0,0,0,0,2,0,5,17,41,36,0,52,0,0,0,6,4,1,1,0,0,1,2,6,0,1,138,1,0,0,111,281,0,0,31,1,0,5,5,0,7,0,0,0,1,0,56,1,0,0,4,1,1,3,0,0,137,2,1,0,1,7,0,5,0,3,17,0,0,0,0,0,1,0,0,10,75,0,1,0,0,0,0,1,0,13,0
30021,0,0,0,0,0,0,0,0,2,0,0,9,0,0,0,1,0,0,0,0,0,0,0,0,0,0,8,0,0,0,6,11,0,0,2,0,0,0,0,0,0,0,0,0,0,0,4,0,0,0,0,0,0,0,0,0,14,0,1,0,0,0,0,0,0,0,0,4,0,0,0,0,0,0,0,0,0,0,0,0,0,0,0,0,0,0,0
30028,0,0,0,0,1,0,0,0,0,0,0,2,0,0,0,1,0,0,0,0,0,0,0,1,0,0,15,0,0,0,8,20,0,0,0,0,0,0,1,0,0,0,0,0,0,0,0,0,0,0,0,0,0,1,0,0,6,0,0,0,0,0,0,0,0,0,2,0,0,0,0,0,0,0,0,1,1,0,0,0,0,0,0,0,0,0,0
30049,0,0,0,0,3,0,0,0,0,0,0,5,0,0,0,0,0,0,0,0,0,0,0,0,0,0,13,0,0,0,5,18,0,0,0,3,0,3,0,2,1,0,0,0,0,0,1,0,0,0,0,0,0,0,0,0,1,0,0,0,0,0,0,0,0,0,1,0,0,0,0,0,0,0,0,0,22,1,0,0,0,0,0,0,0,0,0
30056,0,1,0,0,1,0,3,4,19,8,0,15,0,0,0,0,2,1,0,0,0,0,0,1,0,0,68,0,0,0,12,142,0,0,10,4,0,0,3,0,5,0,0,0,0,0,18,0,0,2,0,0,0,0,0,0,52,0,0,1,0,0,3,1,0,0,0,0,0,0,0,0,13,0,0,0,40,1,0,0,0,0,0,0,0,13,0
30077,0,0,0,0,0,0,0,0,2,0,0,5,0,0,0,0,0,0,0,0,0,0,0,0,0,0,4,0,0,0,6,12,0,0,1,0,0,0,0,0,0,0,0,0,0,0,7,0,0,0,0,0,0,0,0,0,1,0,0,0,0,0,0,1,0,0,1,0,0,0,0,0,0,0,0,0,3,0,0,0,0,0,0,0,0,0,0
30084,1,0,0,1,12,1,4,17,215,44,0,186,0,0,1,11,6,3,5,0,0,1,1,67,1,1,347,0,2,1,203,918,0,0,61,22,0,0,4,1,2,0,4,0,4,0,93,2,9,1,2,1,0,1,0,0,208,3,0,0,1,29,2,17,2,0,25,0,2,1,0,2,1,0,9,2,298,0,3,5,2,0,3,1,0,5,0
30088,0,0,0,0,1,0,2,0,0,0,0,12,0,0,0,0,0,0,0,0,0,0,0,0,0,0,14,0,0,0,1,24,0,0,5,0,0,0,0,0,0,0,0,0,0,0,10,0,0,0,0,0,0,0,0,0,1,0,0,0,0,0,0,0,0,0,0,0,0,0,0,0,0,0,0,0,4,0,0,0,0,0,0,0,0,3,0
30091,0,0,0,0,4,0,0,0,0,0,0,2,0,0,0,0,0,1,0,0,0,0,0,0,0,0,3,0,0,0,0,9,0,0,0,0,0,0,0,0,0,0,0,0,0,0,0,0,0,1,0,1,0,0,0,0,10,0,0,0,0,0,0,1,0,0,0,0,0,0,0,0,0,0,0,0,1,0,0,0,0,0,0,0,0,0,0
30098,0,0,0,0,9,0,2,6,53,14,0,38,0,0,1,1,1,1,0,0,0,0,0,5,1,0,121,0,3,0,48,418,1,0,19,10,0,0,3,0,0,0,1,0,0,0,24,6,0,30,0,0,0,0,0,2,158,5,0,0,3,7,1,1,0,1,10,1,0,0,0,0,0,0,0,0,186,0,1,0,0,1,1,0,0,8,0
30105,0,0,0,0,0,0,0,1,0,0,0,5,0,0,0,0,0,0,0,0,0,0,0,0,0,0,11,0,0,0,1,36,0,0,0,0,0,0,0,0,0,0,0,0,0,0,6,0,0,0,0,0,0,0,0,0,1,0,0,0,0,0,0,1,0,0,0,0,0,0,0,0,0,0,0,2,2,0,0,0,0,0,0,0,0,1,0
30113,0,0,0,0,0,0,0,0,0,0,0,5,0,0,0,0,0,0,0,0,0,0,0,0,0,0,2,0,0,0,0,8,0,0,0,0,0,0,0,0,0,0,0,0,0,0,0,0,0,0,0,0,0,0,0,0,0,0,0,0,0,0,0,0,0,0,0,0,0,0,0,0,0,0,0,0,6,0,0,0,0,0,0,0,0,0,0
34014,0,2,0,2,23,3,21,37,45,46,1,187,0,1,0,46,4,10,0,0,0,0,4,9,0,1,557,2,1,0,213,1591,0,0,187,6,0,14,1,2,1,0,0,0,0,0,151,0,0,0,1,1,0,0,0,0,305,1,0,0,0,9,7,13,1,0,10,0,0,18,0,5,0,0,0,18,590,0,0,0,0,1,0,1,3,14,0
38021,0,2,1,0,20,6,1,25,169,59,0,374,0,0,0,19,4,35,7,0,0,0,1,17,8,5,919,1,3,1,436,1570,0,0,74,9,0,8,1,0,1,1,1,2,3,0,103,1,2,5,0,3,32,0,0,0,217,6,0,0,0,26,1,36,0,7,28,0,0,0,0,2,0,0,4,3,660,1,0,1,1,0,0,0,0,17,0
38035,0,0,0,0,0,0,0,0,0,0,0,10,0,0,0,3,0,1,0,0,0,0,0,0,0,0,26,0,0,0,2,36,0,0,0,0,0,0,0,0,0,0,0,0,0,0,0,0,0,0,0,0,0,0,0,0,0,0,0,0,0,0,0,0,0,0,0,0,0,0,0,0,0,0,0,0,3,0,0,0,0,0,0,0,0,0,0
38042,0,0,0,0,0,0,0,0,0,1,0,10,0,0,0,0,0,2,0,0,0,0,0,0,0,0,8,0,0,0,0,22,0,0,2,0,0,0,0,0,0,0,0,0,0,0,6,0,0,0,0,0,0,0,0,0,1,0,0,0,0,0,0,0,0,0,1,0,0,0,0,0,0,0,0,0,6,0,0,0,0,0,0,0,0,0,0
38094,0,0,0,0,0,0,0,0,0,2,0,0,0,0,0,0,0,0,0,0,0,0,0,0,0,0,4,0,0,0,0,1,0,0,0,0,0,0,0,0,0,0,0,0,0,0,0,0,0,0,0,0,0,0,0,0,4,0,0,0,0,0,0,0,0,0,0,0,0,0,0,0,0,0,0,0,1,0,0,0,0,1,0,0,0,0,0
46014,0,0,0,0,0,0,0,0,0,0,0,0,0,0,0,0,0,0,0,0,0,0,0,0,0,0,4,0,0,0,0,1,0,0,0,0,0,0,0,0,0,0,0,0,0,0,6,0,0,0,0,0,0,0,0,0,0,0,0,0,0,0,0,0,0,0,0,0,0,0,0,0,0,0,0,0,0,0,0,0,0,0,0,0,0,0,0
50007,4,0,9,7,62,1,6,108,230,197,2,636,0,10,0,28,50,18,2,2,0,1,12,202,3,11,1464,3,9,17,1614,3548,1,4,316,120,0,64,19,6,20,2,3,5,6,2,321,2,24,1,7,3,10,3,0,2,1228,72,0,4,4,307,20,66,2,16,143,0,4,39,0,12,24,0,5,22,1582,1,0,0,5,7,5,1,2,110,0
50014,0,0,0,0,0,0,0,0,5,0,0,6,0,0,0,2,0,0,0,0,0,0,0,1,0,0,9,0,0,0,17,16,0,0,1,0,0,0,0,0,0,0,0,0,0,0,1,0,0,0,0,0,0,0,0,0,15,0,0,0,0,0,0,4,0,0,0,0,0,0,0,0,0,0,0,0,9,0,0,0,0,0,0,0,0,1,0
50021,0,0,0,0,0,0,0,0,3,0,0,36,0,0,0,0,0,1,0,0,0,0,0,0,0,0,54,0,0,0,67,193,0,0,4,0,0,1,1,0,0,0,0,0,0,0,2,0,0,0,0,0,0,0,2,0,28,0,0,0,0,18,0,4,0,0,0,0,0,0,0,0,0,0,1,0,39,0,0,0,0,0,0,0,0,1,0
50028,0,0,0,0,0,0,0,0,5,0,0,3,0,0,0,0,0,0,0,0,0,0,0,0,0,0,7,0,0,0,18,11,0,0,0,0,0,0,0,0,0,0,0,0,0,0,1,0,2,0,0,0,0,0,0,0,0,0,0,0,0,0,0,1,0,0,0,0,0,0,0,0,0,0,0,0,2,0,0,0,0,0,0,0,0,3,0
50056,0,0,0,0,0,0,0,0,0,0,0,0,0,0,0,0,0,0,0,0,0,0,0,0,0,0,0,0,0,0,5,4,0,0,0,0,0,0,0,0,0,0,0,0,0,0,0,0,0,0,0,0,0,0,0,0,0,0,0,0,0,0,0,0,0,0,0,0,0,0,0,0,0,0,1,0,0,0,0,0,0,0,0,0,0,0,0
50070,0,0,0,0,0,0,0,0,0,0,0,8,0,0,0,0,0,0,0,0,0,0,0,0,0,0,17,0,0,0,10,41,0,0,0,0,0,0,0,0,0,0,0,0,0,0,0,0,0,0,0,0,0,0,0,0,42,0,0,0,0,0,0,0,0,0,1,0,0,0,0,0,0,0,0,0,10,0,0,0,0,0,0,0,0,0,0
50105,0,0,1,1,13,3,1,3,12,22,0,97,0,1,0,2,10,2,0,0,0,0,1,9,1,0,235,0,0,0,140,417,0,0,28,11,0,1,0,1,2,0,0,0,1,0,67,0,3,1,0,1,0,0,1,3,268,1,0,0,1,4,1,4,0,0,11,0,1,4,0,1,0,0,0,3,100,0,0,0,1,0,0,0,0,17,0
50119,0,0,0,0,0,0,0,0,0,0,0,1,0,0,0,0,0,0,0,0,0,0,0,0,0,0,1,0,0,0,0,8,0,0,1,0,0,0,0,0,0,0,0,0,0,0,0,0,0,0,0,0,0,0,1,0,0,0,0,0,0,0,0,1,0,0,0,0,0,0,0,0,0,0,0,0,3,0,0,0,0,0,0,0,0,1,0
54007,0,0,0,0,0,0,2,8,0,3,0,5,0,0,0,0,1,0,0,0,0,0,1,2,0,0,20,1,0,0,13,17,0,0,4,0,0,1,0,0,0,0,0,0,0,0,17,0,0,0,0,0,0,1,0,0,7,0,0,0,0,0,0,1,0,0,0,0,0,0,0,0,0,0,0,1,7,1,1,1,0,0,0,4,0,0,0
54014,0,0,0,0,0,0,0,0,0,0,0,1,0,0,0,0,0,0,0,0,0,0,0,0,0,0,3,0,0,0,0,13,0,0,0,0,0,0,0,0,0,0,0,0,0,0,0,0,0,0,0,0,0,0,0,0,1,0,0,0,0,0,0,0,0,0,0,0,0,0,0,0,0,0,0,0,3,0,0,0,0,0,0,0,0,0,0
54028,0,2,0,0,23,1,10,23,58,60,1,238,0,1,0,5,12,10,1,0,0,0,2,9,1,1,680,5,4,3,299,1080,0,0,131,17,2,6,3,0,1,1,1,0,2,0,237,1,1,1,0,2,1,1,3,0,491,30,0,1,0,37,6,20,0,3,47,1,0,3,10,13,15,0,2,4,447,0,0,0,1,1,0,2,3,16,0
54042,0,1,0,0,2,2,0,0,7,2,0,5,0,0,0,8,1,0,0,0,0,0,0,0,0,0,18,0,0,0,9,40,0,0,0,0,0,0,0,0,0,0,0,0,1,0,4,0,0,0,0,0,0,0,0,0,12,6,0,0,0,1,0,1,0,0,4,0,0,0,0,0,0,0,0,1,5,0,0,0,0,0,0,1,0,0,0
54063,0,0,0,1,0,0,0,3,2,2,0,3,0,0,0,1,0,1,0,0,0,0,0,2,0,4,22,0,0,0,10,27,0,0,6,1,0,2,0,0,1,0,0,0,0,0,1,0,0,0,0,0,1,0,0,0,5,0,0,0,0,1,0,2,0,0,2,0,0,0,0,0,0,0,0,0,6,0,0,0,0,0,0,0,1,1,0
54070,0,0,0,0,0,0,0,2,1,2,0,0,0,0,0,0,0,0,0,0,0,0,0,1,0,0,5,0,0,0,1,0,0,0,0,0,0,0,0,0,0,0,0,0,0,0,1,0,0,0,0,0,0,0,0,0,3,0,0,0,0,0,0,1,0,0,0,0,0,0,0,0,0,0,2,0,1,0,0,0,0,0,0,0,0,0,0
54077,0,0,0,0,2,0,0,0,0,0,0,4,0,0,0,0,0,0,0,0,0,0,0,0,0,0,17,0,0,0,7,10,0,0,1,0,0,0,0,0,0,0,0,0,0,0,12,0,0,0,0,0,0,0,0,0,30,0,0,0,0,0,0,0,0,0,0,0,0,0,0,0,0,0,0,0,5,0,0,0,0,0,0,0,0,6,0
54084,0,0,0,0,0,0,0,0,0,0,0,2,0,0,0,0,0,0,0,0,0,0,0,0,0,0,6,0,0,0,1,18,0,0,0,0,0,0,0,0,0,0,0,0,0,0,0,0,0,0,0,0,0,0,0,0,0,0,0,0,0,0,0,0,0,0,0,0,0,0,0,0,0,0,0,0,15,0,0,0,0,0,0,0,0,0,0
54091,0,0,0,0,2,0,0,4,0,6,0,25,0,0,0,1,1,0,0,0,0,0,0,4,0,1,29,0,0,0,11,81,0,0,5,0,0,0,0,0,0,0,0,0,0,0,16,0,0,0,0,0,0,0,0,0,28,0,0,0,0,1,0,2,0,0,2,0,0,0,0,0,0,0,2,1,20,0,0,0,0,0,0,0,2,0,0
54098,0,0,0,0,0,0,0,0,0,3,0,9,0,0,0,2,0,0,0,0,0,0,0,0,0,0,17,0,0,0,2,47,0,0,3,0,0,0,0,0,0,0,0,0,0,0,7,0,0,0,0,0,0,0,0,0,13,0,0,0,0,1,0,0,0,0,2,0,0,0,0,3,0,0,0,0,18,0,0,0,0,0,0,0,0,1,0
54119,0,0,0,0,0,0,0,0,0,0,0,0,0,0,0,0,0,0,0,0,0,0,0,0,0,0,0,0,0,0,3,1,0,0,5,0,0,0,0,0,0,0,0,0,0,0,0,0,0,0,0,0,0,0,0,0,3,0,0,0,0,0,0,0,0,0,0,0,0,0,0,0,0,0,0,0,0,0,0,0,0,0,0,0,0,0,0
58035,0,0,0,0,9,1,9,10,18,15,0,124,0,0,0,6,1,8,1,0,0,0,2,3,1,0,285,3,1,1,99,625,0,0,46,2,0,0,0,0,1,0,1,0,0,0,163,1,0,3,0,2,0,2,0,0,86,0,1,0,0,20,4,10,0,0,10,2,0,3,0,1,1,0,2,7,193,0,1,0,1,1,2,0,0,15,0
58042,0,0,0,0,0,0,1,0,0,0,0,0,0,0,0,0,0,0,0,0,0,0,0,0,0,0,0,0,0,0,0,5,0,0,0,0,0,0,0,0,0,0,0,0,0,0,6,0,0,0,0,0,0,0,0,0,1,0,0,0,0,0,0,0,0,0,2,0,0,0,0,0,0,0,0,0,1,0,0,0,0,0,0,0,0,0,0
58056,0,0,1,0,0,0,0,1,0,1,0,7,0,0,0,0,0,0,0,0,0,0,0,0,3,0,2,0,0,0,9,20,0,0,0,0,0,0,0,0,0,0,0,0,0,0,1,0,0,0,0,0,0,0,0,0,4,1,0,0,0,2,0,0,0,0,1,1,0,0,0,0,0,0,0,0,0,0,0,0,0,0,0,0,0,0,0
58070,0,0,0,0,0,0,0,0,0,2,0,1,0,0,0,0,0,0,0,0,0,0,0,0,0,0,2,0,0,0,0,2,0,0,0,0,0,0,0,0,0,0,0,0,0,0,0,0,0,0,0,0,0,0,0,0,5,0,0,0,0,0,1,0,0,0,0,0,0,0,0,0,0,0,0,0,0,0,0,0,0,0,0,0,0,0,0
58112,0,0,0,0,0,0,0,1,0,0,0,2,0,0,0,0,0,0,0,0,0,0,0,0,0,0,0,0,0,0,3,12,0,0,0,0,0,0,0,0,0,0,0,0,0,0,0,0,0,0,0,0,0,0,0,0,2,0,0,0,0,0,0,0,0,0,0,0,0,0,0,0,0,0,0,0,3,0,0,0,0,0,0,0,0,0,0
62021,0,0,2,3,2,2,0,92,20,64,2,94,2,6,1,3,8,3,5,0,0,3,1,9,1,4,266,2,0,0,219,489,0,7,150,1,0,7,1,0,7,4,2,0,15,0,51,0,1,1,1,2,1,2,0,0,300,36,2,0,2,23,17,19,0,1,46,0,0,1,0,2,25,1,0,19,205,1,20,0,0,1,0,0,0,4,0
62042,0,0,0,1,4,0,2,10,4,6,0,30,2,1,0,2,9,1,2,0,0,0,1,2,0,3,78,0,0,0,129,165,1,0,39,5,0,0,0,1,4,0,1,0,3,0,75,1,1,0,0,0,0,0,0,0,82,9,0,0,0,9,1,2,0,0,20,0,0,1,0,0,3,0,1,6,51,0,0,0,1,0,0,0,0,5,0
66021,0,0,0,0,0,0,0,0,0,0,0,0,0,0,0,0,0,0,0,0,0,0,0,0,0,0,7,0,0,0,0,6,0,0,0,0,0,0,0,0,0,0,0,0,0,0,0,0,0,0,0,0,0,0,0,0,0,0,0,0,0,0,0,0,0,0,0,0,0,0,0,0,0,0,0,0,0,0,0,0,0,0,0,0,0,0,0
66028,0,5,0,1,18,0,8,32,128,65,0,315,0,2,0,32,13,10,5,2,0,0,2,11,0,3,879,6,4,2,408,1570,0,0,198,36,0,10,0,2,3,0,0,1,1,1,244,7,5,6,1,2,4,1,2,0,721,7,0,1,0,93,4,38,0,3,48,0,0,11,0,1,4,0,3,8,596,0,0,0,0,0,0,0,4,30,0
66049,0,0,0,0,0,0,0,0,0,0,0,0,0,0,0,0,0,0,0,0,0,0,0,0,0,0,2,0,0,0,1,3,0,0,1,0,0,0,0,0,0,0,0,0,0,0,1,0,0,0,0,0,0,0,0,0,5,0,0,0,0,0,0,0,0,0,0,0,0,0,0,0,0,0,0,0,0,0,0,0,0,0,0,0,0,0,0
66056,0,0,0,0,0,0,0,0,0,0,0,1,0,0,0,0,0,0,0,0,0,0,0,0,0,0,3,0,0,0,6,17,0,0,0,0,0,0,0,0,0,0,0,0,0,0,0,0,0,0,0,0,0,0,0,0,4,0,0,0,0,0,0,0,0,0,0,0,0,0,0,0,0,0,0,0,1,0,0,0,0,0,0,0,0,0,0
66077,0,0,0,0,0,0,0,0,0,0,0,1,0,0,0,0,0,0,0,0,0,0,0,0,0,0,10,0,0,0,0,10,0,0,1,0,0,0,0,0,0,0,0,0,0,0,0,0,0,0,0,0,0,0,0,0,0,0,0,0,0,0,0,0,0,0,0,0,0,0,0,0,0,0,0,0,4,0,0,0,0,0,0,0,0,0,0
66140,0,0,0,0,0,0,0,0,0,0,0,3,0,0,0,0,0,0,0,0,0,0,0,0,0,0,3,0,0,0,8,5,0,0,2,0,0,0,0,0,0,0,0,0,0,0,0,0,0,0,0,0,0,0,0,0,5,0,0,0,0,0,0,0,0,0,0,0,0,0,0,0,0,0,0,0,0,0,0,0,0,0,0,0,0,0,0
70028,0,0,0,0,2,0,1,1,0,1,0,12,0,0,0,0,1,0,0,0,0,0,0,2,0,0,11,0,0,0,4,31,0,0,0,0,0,0,0,0,0,0,0,0,0,0,2,0,0,0,0,0,0,0,0,0,3,0,0,0,0,0,0,0,0,0,0,0,0,0,0,1,0,0,0,0,20,0,0,0,0,0,0,0,0,1,0
70035,0,0,0,0,0,0,0,0,0,0,0,0,0,0,0,0,0,0,0,0,0,0,0,0,0,0,1,0,0,0,0,1,0,0,0,0,0,0,0,0,0,0,0,0,0,0,8,0,0,0,0,0,0,0,0,0,0,0,0,0,0,0,0,0,0,0,0,0,0,0,0,0,0,0,0,0,0,0,0,0,0,0,0,0,0,0,0
74056,0,0,0,4,4,1,3,48,35,37,2,45,0,0,0,7,3,0,0,0,0,0,0,5,1,0,123,0,2,0,170,209,0,0,42,17,0,1,2,0,1,0,0,0,1,0,72,0,0,0,0,1,1,1,0,0,172,10,3,0,0,14,0,3,1,2,10,0,0,0,0,0,17,0,0,5,79,0,4,0,1,0,0,0,0,6,0
78021,0,0,0,0,0,0,0,0,0,0,0,0,0,0,0,0,0,0,0,0,0,0,0,0,0,0,2,0,0,0,0,8,0,0,0,0,0,0,0,0,0,0,0,0,0,0,0,0,0,0,0,0,0,0,0,0,0,0,0,0,0,0,0,0,0,0,0,0,0,0,0,0,0,0,0,0,0,0,0,0,0,0,0,0,0,0,0
82007,0,0,1,0,0,0,0,0,0,1,0,3,0,0,0,0,0,0,0,0,0,0,0,0,0,0,4,0,0,0,1,0,0,0,0,0,0,0,0,0,0,0,0,0,0,0,0,0,0,0,0,0,0,0,0,0,3,0,0,0,0,0,0,0,0,0,8,0,0,0,0,0,0,0,0,0,1,0,0,0,1,0,0,0,0,0,0
82014,0,0,0,0,0,0,0,37,2,15,0,8,0,0,0,0,0,0,0,0,0,1,0,0,0,0,30,0,0,0,36,36,0,0,10,0,0,1,0,0,0,0,0,0,0,0,3,0,0,0,1,0,0,0,0,0,37,0,0,0,0,0,0,0,0,0,3,0,0,0,0,0,0,0,1,0,17,0,0,0,2,2,0,0,0,0,0
82021,1,0,0,0,9,0,0,17,113,28,1,74,0,0,0,1,0,4,0,0,0,0,2,34,0,0,248,1,5,0,55,559,0,0,60,7,0,1,0,1,2,0,0,0,1,0,19,0,1,0,0,3,0,0,0,0,253,1,0,0,0,7,0,10,0,7,9,26,0,5,0,1,9,0,2,0,152,0,0,0,0,2,3,0,0,23,0
82028,0,0,0,0,0,0,0,0,1,0,0,4,0,0,0,0,0,0,0,0,0,0,0,0,0,0,4,0,0,0,2,20,0,0,1,0,0,0,0,0,0,0,0,0,0,0,4,0,0,0,0,0,0,0,0,0,7,0,0,0,0,0,0,2,0,0,0,0,0,0,0,0,0,0,1,0,4,0,0,0,0,0,0,0,0,1,0
82042,0,0,0,0,6,0,0,2,10,5,0,26,0,0,0,1,3,0,0,0,0,0,0,0,0,0,63,0,3,0,26,114,0,0,6,11,0,0,0,0,0,0,0,0,0,0,10,0,0,0,2,0,0,0,0,0,43,0,0,0,0,0,7,6,0,0,4,0,1,0,0,0,0,0,0,0,60,0,0,0,0,0,0,0,1,1,0
82049,0,0,0,1,1,0,6,5,8,3,0,23,0,0,0,5,0,2,0,0,0,0,5,18,0,0,82,0,1,0,18,191,0,0,25,0,0,3,0,1,1,0,0,0,0,0,19,0,0,0,0,0,0,0,0,0,18,1,0,0,0,8,0,2,0,0,1,1,0,0,0,0,0,0,0,2,26,1,0,0,1,0,0,0,1,6,0
82063,5,3,16,26,55,7,4,262,547,424,4,814,30,25,5,28,57,28,12,12,5,8,27,147,7,13,1942,2,11,34,1242,5579,1,12,357,48,2,43,38,3,19,20,23,5,110,10,658,5,8,22,11,9,10,12,0,2,1478,81,12,1,2,1020,56,93,13,49,211,2,4,21,0,22,84,0,16,74,1970,1,8,5,4,10,14,6,3,91,0
82070,0,1,0,0,0,0,0,7,13,41,0,10,0,0,0,0,0,1,0,0,0,0,7,0,0,0,18,0,0,0,32,68,0,0,1,7,0,0,0,0,0,0,0,0,0,1,1,0,0,0,0,0,0,0,0,0,28,0,0,0,0,1,0,1,0,3,2,0,0,0,0,1,0,0,0,0,23,0,0,0,0,0,0,0,0,2,0
82077,0,0,0,0,0,0,0,0,0,0,0,9,0,0,0,0,1,0,0,0,0,0,0,0,0,0,6,1,0,0,1,4,0,0,0,0,0,2,0,0,0,0,0,0,0,0,0,0,0,0,0,0,0,0,0,0,0,0,0,0,0,0,0,0,0,0,1,0,0,0,0,0,0,0,0,0,0,0,0,0,0,0,0,0,0,0,0
82084,2,3,7,14,54,5,6,258,602,248,2,636,12,2,0,43,34,11,7,11,19,0,12,116,2,22,1606,10,7,108,807,3486,3,7,296,77,6,27,8,2,9,2,3,4,54,2,367,3,8,5,7,75,1,5,3,0,1274,62,7,3,0,100,59,70,29,26,143,0,7,21,0,12,53,0,14,51,1191,6,2,0,2,7,4,1,19,96,0
82091,0,0,0,0,0,0,0,0,0,0,0,0,0,0,0,0,0,0,0,0,0,0,0,0,0,0,0,0,0,0,1,5,0,0,0,1,0,0,0,0,0,0,0,0,0,0,0,0,0,0,0,0,0,0,0,0,0,0,0,0,0,0,0,0,0,0,0,0,0,0,0,0,0,0,0,0,9,0,0,0,0,0,0,0,0,0,0
82105,0,0,0,0,0,0,0,0,0,0,0,7,0,0,0,0,0,0,0,0,0,0,0,0,0,0,20,0,0,0,0,17,0,0,0,0,0,0,0,0,0,0,0,0,0,0,0,0,0,0,0,0,0,0,0,0,0,0,0,0,0,0,0,0,0,0,0,0,0,0,0,0,0,0,0,0,4,0,0,0,0,0,0,0,0,0,0
82112,0,0,0,0,0,0,0,0,11,0,0,4,0,0,0,0,0,0,0,0,0,0,0,0,0,0,16,0,2,0,1,7,0,0,0,0,0,0,0,0,0,0,0,0,0,0,0,0,0,0,0,0,0,0,0,0,8,0,0,0,0,0,0,0,0,0,0,0,0,0,0,0,0,0,0,0,1,0,0,0,0,0,0,0,0,2,0
82119,0,0,1,0,0,0,0,0,4,3,0,1,0,0,0,0,0,0,0,0,0,0,0,0,0,0,12,0,0,0,3,20,0,0,0,0,0,0,0,0,0,0,0,0,0,0,0,0,0,0,0,0,0,0,0,0,6,0,0,0,0,0,0,1,0,0,0,0,0,0,0,0,0,0,0,0,7,0,0,0,0,0,0,0,0,2,0
82133,0,0,0,0,0,0,0,0,0,5,0,1,0,0,0,0,0,0,0,0,0,0,0,0,0,0,2,0,0,0,1,0,0,0,0,0,0,0,0,0,0,0,0,0,0,0,0,0,0,1,0,0,0,2,0,0,0,0,1,0,0,0,0,0,0,0,0,0,0,0,0,0,0,0,0,0,0,0,0,0,0,0,0,0,0,0,0
86049,0,0,0,0,1,0,2,0,0,1,0,1,0,0,0,0,1,0,0,0,0,0,0,0,0,0,4,0,0,0,0,6,0,0,0,0,0,0,0,0,0,0,0,0,0,0,12,0,0,0,0,0,0,0,0,0,0,0,0,0,0,0,0,0,0,0,0,0,0,0,0,0,0,0,0,0,0,0,0,0,0,0,0,0,0,33,0
90021,0,0,0,0,0,0,0,0,0,0,0,10,0,0,0,0,0,3,0,0,0,0,0,0,0,0,33,0,0,0,0,88,0,0,0,0,0,0,0,0,0,0,0,0,0,0,0,0,0,0,0,0,0,0,0,0,7,0,0,0,0,0,0,0,0,0,0,0,0,0,0,0,0,0,0,0,25,0,0,0,0,0,0,0,0,0,0
90049,0,0,0,0,0,0,0,0,0,0,0,3,0,0,0,0,0,0,0,0,0,0,0,0,0,0,6,0,0,0,0,4,0,0,0,0,0,0,0,0,0,0,0,0,0,0,0,0,0,0,0,0,0,0,0,0,0,0,0,0,0,0,0,0,0,0,0,0,0,0,0,0,0,0,0,0,0,0,0,0,0,0,0,0,0,0,0
90070,0,0,0,0,0,0,0,0,0,0,0,1,0,0,0,0,0,0,0,0,0,0,0,0,0,0,3,0,0,0,0,4,0,0,0,0,0,0,0,0,0,0,0,0,0,0,4,0,0,0,0,0,0,0,0,0,0,0,0,0,0,0,0,0,0,0,0,0,0,0,0,0,0,0,0,0,3,0,0,0,0,0,0,0,0,1,0
90077,0,0,0,0,0,0,0,0,1,0,0,2,0,0,0,0,0,0,0,0,0,0,0,0,0,0,3,0,0,0,0,8,0,0,0,0,0,0,0,0,0,0,0,0,0,0,0,0,0,0,0,0,0,0,0,0,0,0,0,0,0,0,0,0,0,0,0,0,0,0,0,0,0,0,0,0,0,0,0,0,0,0,0,0,0,0,0
90084,0,0,0,5,24,4,3,44,215,52,2,335,0,2,0,13,4,4,4,0,0,0,0,12,1,2,990,3,5,1,208,2564,0,0,115,38,3,4,1,0,3,0,2,0,1,0,166,1,1,2,7,5,1,0,2,0,295,6,0,2,0,91,2,19,0,0,27,0,0,2,0,14,8,2,2,11,488,0,0,0,0,0,3,4,2,38,0
90105,0,0,0,0,0,0,0,0,2,0,0,0,0,0,0,0,0,0,0,0,0,0,0,0,0,0,3,0,0,0,3,6,0,0,0,0,0,0,0,0,0,0,0,0,0,0,0,0,0,0,0,0,0,0,0,0,0,0,0,0,0,12,0,0,0,0,0,0,0,0,0,0,0,0,0,0,2,0,0,0,0,0,0,0,0,0,0
90112,0,0,0,0,0,0,0,0,0,0,0,2,0,0,0,0,0,0,0,0,0,0,0,0,0,0,1,0,0,0,0,9,0,0,0,0,0,0,0,0,0,0,0,0,0,0,0,0,0,0,0,0,0,0,0,0,0,0,0,0,0,0,0,0,0,0,0,0,0,0,0,0,0,0,0,0,0,0,0,0,0,0,0,0,0,0,0
90119,0,0,0,0,1,0,0,0,0,1,0,9,0,0,0,0,0,0,0,0,0,0,0,0,0,0,22,0,0,0,0,47,0,0,0,2,0,0,0,0,0,0,0,0,0,0,4,0,0,0,0,0,0,0,0,0,1,0,0,0,0,0,0,1,0,0,0,0,0,0,0,0,0,0,0,0,15,0,0,0,0,0,0,0,0,0,0
94015,0,0,2,0,8,1,3,16,28,24,0,51,2,1,0,12,12,3,2,0,0,1,0,198,12,4,200,0,0,0,101,365,0,2,23,2,0,0,0,0,2,0,0,1,0,0,62,0,0,2,0,1,0,0,2,0,138,74,0,0,0,16,1,2,0,1,22,0,1,1,0,0,1,0,0,15,188,0,0,0,0,0,1,0,0,4,0
