dpto5,year,eci_software,n_languages,n_repos,avg_ubiquity
02000,2015,1.1218718012884108,10,247.0,15.7
06028,2015,-0.19805720633882234,5,20.0,23.4
06035,2015,-0.655832814587985,4,24.0,25.0
06056,2015,-0.038116711682892476,7,50.0,18.142857142857142
06126,2015,-1.335961830333437,3,32.0,27.666666666666668
06357,2015,0.4539817193245985,7,518.0,19.285714285714285
06413,2015,-0.9247148535505851,3,12.0,22.0
06427,2015,0.7995556487268043,5,21.0,19.2
06441,2015,2.6815798245468963,6,847.0,13.166666666666666
06497,2015,-0.6931187798153962,6,19.0,21.0
06539,2015,3.0430135826146345,4,27.0,10.25
06568,2015,0.5921589465497205,5,14.0,20.2
06581,2015,1.4175915712441396,6,32.0,16.666666666666668
06602,2015,-1.37858964561944,5,59.0,20.8
06623,2015,-0.04834902203410061,6,44.0,19.166666666666668
06644,2015,-1.1203387544565477,4,10.0,18.5
06658,2015,0.5806229953099756,11,50.0,16.09090909090909
06756,2015,-0.39492887346838057,4,42.0,22.5
06760,2015,0.07313405995123566,5,37.0,21.0
06763,2015,0.23736037103166735,3,33.0,19.666666666666668
06791,2015,0.5993544625087048,8,504.0,18.25
06861,2015,-1.0197029342508772,4,16.0,25.75
10049,2015,-0.6329829893514214,4,43.0,24.25
14014,2015,0.04447394711584782,6,2233.0,15.666666666666666
14021,2015,-1.4928580254427177,4,52.0,25.5
14042,2015,-0.8356928306107062,6,18.0,21.666666666666668
14091,2015,0.016674107882841765,4,18.0,17.5
14098,2015,1.8981439561053735,6,141.0,13.666666666666666
14147,2015,-1.4928580254427177,4,13.0,25.5
14161,2015,1.8364273976715646,5,35.0,14.2
18007,2015,0.6347373374311998,5,12.0,20.2
18021,2015,-0.33376989479778274,7,169.0,22.0
22140,2015,-0.7598390010873397,6,241.0,22.5
26007,2015,-0.36221944750450974,7,37.0,19.714285714285715
26077,2015,-0.3742647426890061,5,81.0,19.8
30008,2015,0.3599754144031593,5,17.0,19.2
30015,2015,-0.4950109236875881,4,61.0,18.25
30084,2015,-0.618004628808458,8,103.0,17.75
30098,2015,-0.15602898645282975,8,18.0,17.5
34014,2015,0.5124774540904502,4,17.0,19.5
38021,2015,0.5839250829689717,7,111.0,17.571428571428573
50007,2015,0.6015092535616621,12,578.0,13.583333333333334
50105,2015,-1.142155470960719,5,59.0,23.2
54028,2015,-0.5086026079070317,7,136.0,20.714285714285715
54077,2015,-1.42032263027394,3,20.0,24.333333333333332
58035,2015,0.2986691234176642,5,103.0,17.8
62021,2015,1.5578116202359045,8,180.0,14.25
62042,2015,-0.4439414306766916,5,112.0,16.4
66028,2015,-0.9733211301393249,5,188.0,22.8
74056,2015,-1.2707365842215808,5,60.0,19.6
82021,2015,-0.05641750020739879,6,92.0,13.333333333333334
82063,2015,0.8891917208086821,10,1896.0,15.0
82084,2015,0.2798565176402437,11,736.0,16.545454545454547
90084,2015,0.09859842629820963,9,292.0,16.333333333333332
94015,2015,-0.03595806632833701,9,141.0,16.555555555555557
02000,2016,0.9143057798528726,18,467.0,16.166666666666668
06028,2016,0.4463506664301416,7,25.0,26.0
06035,2016,-1.0294861848438464,4,49.0,29.75
06056,2016,0.09781090824025414,9,75.0,19.555555555555557
06070,2016,-0.9277751044394218,3,10.0,22.666666666666668
06091,2016,-1.2715881040710868,5,21.0,26.8
06126,2016,-0.38130504839305335,5,52.0,27.6
06274,2016,0.5151389557468586,4,12.0,30.75
06357,2016,0.22152537054674626,9,759.0,20.88888888888889
06371,2016,-1.7402605462975198,3,24.0,33.0
06408,2016,-0.33499083488367604,3,10.0,30.0
06413,2016,-1.0880718695179767,3,12.0,28.333333333333332
06427,2016,1.4398339966842466,7,42.0,23.571428571428573
06434,2016,-0.8965118031788236,3,10.0,31.666666666666668
06441,2016,1.3035868414668799,9,1226.0,15.88888888888889
06490,2016,-0.21270347305177603,4,12.0,25.0
06497,2016,-0.5270505817449255,4,22.0,22.0
06539,2016,2.6254840944049973,5,53.0,19.2
06568,2016,0.6071732731100586,5,17.0,26.6
06581,2016,1.605486896727342,6,33.0,22.333333333333332
06602,2016,-0.4541931635861018,6,103.0,20.166666666666668
06623,2016,-0.6978553362447123,7,50.0,23.714285714285715
06638,2016,-0.45699495552068037,5,17.0,26.2
06644,2016,-1.0922483848527829,4,11.0,24.5
06658,2016,0.8599668957311084,13,85.0,20.53846153846154
06735,2016,0.09152059651262862,5,10.0,27.8
06756,2016,-0.2801946623506032,4,53.0,26.75
06760,2016,0.32832295962153396,5,61.0,26.6
06763,2016,-0.5532233331095248,3,42.0,23.666666666666668
06791,2016,1.1238389777043951,13,736.0,17.923076923076923
06805,2016,-0.40440098617466036,6,18.0,27.333333333333332
06840,2016,-1.6527003400858267,6,16.0,27.5
06861,2016,-1.0183262493905216,4,20.0,25.5
10049,2016,-0.438210340500999,4,51.0,30.0
14014,2016,0.04639201026875096,12,3237.0,16.0
14021,2016,-1.129156136081951,6,66.0,27.5
14042,2016,-0.4719483107119671,6,35.0,24.5
14091,2016,0.2996887736570376,4,20.0,23.25
14098,2016,1.5919356246847742,11,221.0,15.818181818181818
14140,2016,-1.470702640969664,5,14.0,29.2
14147,2016,-1.962788957231979,4,18.0,31.0
14161,2016,2.380676227203162,5,48.0,20.2
14182,2016,-0.7023062434474939,6,15.0,21.5
18007,2016,0.1986258709611303,5,22.0,24.6
18021,2016,0.02932721036619671,8,254.0,24.5
22140,2016,-0.17421607871636743,7,396.0,22.714285714285715
26007,2016,0.0025956928952793933,7,43.0,22.428571428571427
26077,2016,-0.4117791487243522,7,139.0,22.142857142857142
30008,2016,0.7328954181362034,6,21.0,21.666666666666668
30015,2016,-0.2913697400566068,6,74.0,20.833333333333332
30084,2016,-0.08346839095140454,11,199.0,18.727272727272727
30098,2016,1.6865854476876554,9,45.0,19.444444444444443
34014,2016,0.4959706292477564,6,28.0,26.333333333333332
38021,2016,1.3916307843605498,11,196.0,19.0
50007,2016,0.9570642760216895,12,834.0,16.583333333333332
50105,2016,-0.6859481853085878,8,110.0,23.75
54028,2016,-0.47980073935392537,8,221.0,23.875
54077,2016,-2.5220045941344327,2,27.0,28.0
58035,2016,-0.6159515323158951,7,126.0,21.571428571428573
58056,2016,1.9436140650136053,8,17.0,19.75
62021,2016,0.2785461081311913,15,307.0,17.8
62042,2016,0.39889380876395103,9,157.0,18.0
66028,2016,-0.6162958327135357,7,298.0,24.285714285714285
74056,2016,-0.2889681907228432,11,122.0,21.272727272727273
82021,2016,1.111151372830572,8,117.0,16.0
82063,2016,0.6735652050903673,13,2587.0,17.615384615384617
82084,2016,0.07095960925575108,10,1204.0,20.7
90084,2016,0.07867180276559345,11,451.0,20.454545454545453
90105,2016,0.6412424202620545,3,11.0,26.0
94015,2016,0.17441745329618855,12,210.0,18.166666666666668
02000,2017,0.7073186336491576,17,773.0,18.470588235294116
06028,2017,-0.2750812882900849,8,30.0,30.75
06035,2017,0.18668619678968268,7,75.0,28.142857142857142
06049,2017,-1.757278191557337,5,24.0,33.8
06056,2017,1.7567118360138065,13,121.0,16.53846153846154
06070,2017,-0.049362379472946215,3,16.0,25.333333333333332
06077,2017,-1.870255537299669,5,11.0,34.4
06091,2017,-0.22809850086677858,4,31.0,25.5
06126,2017,-0.79069276870301,5,73.0,27.2
06175,2017,-2.2554956157818973,2,5.0,33.0
06203,2017,-0.7475388663669311,4,14.0,30.25
06231,2017,-1.9100406523298115,3,10.0,34.333333333333336
06270,2017,-0.6552991353298748,5,10.0,30.0
06274,2017,0.7152606063123221,5,21.0,29.2
06357,2017,-0.11058153349645834,10,1031.0,23.6
06371,2017,-1.1464650866976847,5,61.0,31.2
06408,2017,-1.0459624431872148,5,20.0,32.0
06413,2017,-1.7582109535750348,4,15.0,35.0
06427,2017,0.763006567565222,9,85.0,23.11111111111111
06434,2017,-1.0772742311985863,3,10.0,35.666666666666664
06441,2017,0.9993712244373253,14,1744.0,15.5
06490,2017,0.06054976817702084,5,14.0,26.0
06497,2017,1.0408334637322476,6,28.0,23.333333333333332
06515,2017,-0.7162948101207184,4,10.0,28.75
06532,2017,-0.4293230200087445,4,12.0,29.5
06539,2017,0.45517283471600284,8,66.0,22.125
06568,2017,-0.10530303564674584,6,25.0,27.5
06581,2017,0.24856788899143953,7,36.0,25.714285714285715
06602,2017,-0.019326363805116844,6,124.0,23.833333333333332
06623,2017,0.1885535362928632,7,70.0,22.142857142857142
06638,2017,1.3480952554226056,8,72.0,21.25
06644,2017,-0.2807306131391582,5,23.0,27.8
06658,2017,0.5063912982849977,10,142.0,20.8
06735,2017,-0.29166246559567427,4,12.0,30.5
06756,2017,-0.6545053685585496,6,68.0,28.0
06760,2017,-0.3370266362394457,8,85.0,26.875
06763,2017,-0.9059082473700065,5,48.0,27.4
06791,2017,0.795310383691044,14,1042.0,20.214285714285715
06805,2017,-0.8278271584412354,5,32.0,31.8
06840,2017,-0.7212546016176593,5,23.0,25.8
06861,2017,-1.145006843358075,4,21.0,30.25
10049,2017,-0.1520718721423379,4,56.0,30.75
14014,2017,1.7080634215850519,14,4400.0,16.214285714285715
14021,2017,-0.2914451547677005,8,99.0,25.875
14042,2017,-1.0819285183152536,6,42.0,26.833333333333332
14091,2017,0.36680855017572445,6,26.0,24.666666666666668
14098,2017,1.963592830725757,13,308.0,17.153846153846153
14140,2017,-1.757278191557336,5,28.0,33.8
14147,2017,-2.1261999391953825,3,20.0,35.333333333333336
14161,2017,1.1459485306797552,6,54.0,20.5
14182,2017,-0.2966499628547537,6,25.0,23.666666666666668
18007,2017,-0.7878282535196314,6,41.0,27.333333333333332
18021,2017,-0.22926987382936181,10,366.0,24.8
22140,2017,1.1809072434765486,8,507.0,18.0
26007,2017,0.5430545247388773,7,53.0,21.857142857142858
26021,2017,-0.6441484432773158,4,17.0,29.75
26077,2017,0.9154256992075941,10,210.0,21.2
30008,2017,0.601119700598905,6,23.0,24.5
30015,2017,1.4393134674787176,11,102.0,18.727272727272727
30084,2017,0.3733653964497068,10,285.0,19.9
30098,2017,1.000000406929445,10,60.0,18.0
34014,2017,0.15227005141388716,10,97.0,24.4
38021,2017,0.7166732588821594,11,280.0,21.0
50007,2017,1.6158456709191669,17,1232.0,16.470588235294116
50105,2017,0.41731461225363636,11,180.0,21.727272727272727
54007,2017,-1.4040391140913242,5,14.0,32.4
54028,2017,-0.34568026959710524,10,338.0,23.7
54077,2017,-1.8105778647544584,2,32.0,34.5
58035,2017,0.5407882510989896,9,181.0,24.333333333333332
58056,2017,0.3158146178608172,9,21.0,21.444444444444443
62021,2017,1.0983798727519252,15,394.0,18.8
62042,2017,0.6104788321438996,10,188.0,21.9
66028,2017,-0.4120346740811663,10,398.0,26.7
74056,2017,0.29614128583085897,12,192.0,23.333333333333332
82021,2017,1.3210762873949145,7,150.0,13.571428571428571
82042,2017,1.582349973958494,3,13.0,22.666666666666668
82049,2017,0.8370670436655167,2,10.0,33.0
82063,2017,1.5411467517951298,14,3342.0,14.928571428571429
82084,2017,1.0343279925096038,10,1670.0,19.6
82119,2017,0.046760367681707486,5,12.0,24.8
90084,2017,0.3992818316563549,11,579.0,22.09090909090909
90105,2017,-0.6883186297218691,3,15.0,27.666666666666668
94015,2017,0.6041311418205626,13,270.0,20.846153846153847
02000,2018,0.8474343783367876,16,1169.0,19.6875
06028,2018,-0.3579231971601068,5,49.0,36.4
06035,2018,0.8187204092470739,11,149.0,27.09090909090909
06049,2018,-1.4374208065343348,5,41.0,37.6
06056,2018,1.0393464023011587,15,178.0,20.066666666666666
06070,2018,0.21178068407108017,3,16.0,26.333333333333332
06077,2018,-2.020894327454792,4,14.0,37.0
06091,2018,-0.02992320195628764,5,41.0,30.0
06126,2018,-0.10868076829636135,9,111.0,26.11111111111111
06175,2018,-2.3674736847659696,2,5.0,34.5
06203,2018,-0.48803245904998394,4,17.0,34.75
06231,2018,-2.161038756646271,3,14.0,39.666666666666664
06270,2018,-0.37611704966668136,5,11.0,33.4
06274,2018,0.5655079694303784,5,27.0,31.6
06280,2018,-1.1881644032825354,4,12.0,39.0
06357,2018,0.5630162089672609,12,1444.0,24.25
06371,2018,-0.9887112768528867,7,91.0,32.714285714285715
06408,2018,-0.973137659681065,6,56.0,32.5
06410,2018,-0.7167562471254665,3,14.0,39.666666666666664
06413,2018,-0.9360274998763932,4,19.0,36.75
06427,2018,0.4948225433053688,11,107.0,26.272727272727273
06434,2018,-0.6688586107769853,4,11.0,35.5
06441,2018,0.8473678033878641,12,2285.0,19.166666666666668
06469,2018,0.5988134464044078,2,10.0,34.5
06490,2018,0.26824979678533856,9,34.0,26.555555555555557
06497,2018,-0.0879241215892914,7,37.0,27.142857142857142
06515,2018,-0.6498129930288149,6,18.0,29.5
06532,2018,-0.4843500015552836,5,12.0,36.6
06539,2018,0.7118350556524645,7,79.0,22.857142857142858
06568,2018,1.2329159241309866,7,37.0,24.285714285714285
06581,2018,0.4539561227708133,5,42.0,27.6
06602,2018,0.9621696068799894,6,144.0,23.166666666666668
06623,2018,0.30122643349443007,8,96.0,23.25
06638,2018,1.2267811546136675,9,128.0,20.333333333333332
06644,2018,0.47113134353837693,5,29.0,30.8
06658,2018,1.1120142643702997,11,242.0,20.09090909090909
06735,2018,-0.4570372763639993,6,14.0,32.333333333333336
06756,2018,0.1293194768246683,5,76.0,27.8
06760,2018,-0.11541351183741497,10,135.0,25.0
06763,2018,0.025443756271636947,6,57.0,23.0
06791,2018,0.9644536813428557,15,1407.0,19.533333333333335
06805,2018,-0.38183620192582457,6,35.0,31.833333333333332
06833,2018,-1.7836788409709061,3,18.0,38.666666666666664
06840,2018,-0.7036648900860751,7,26.0,30.571428571428573
06861,2018,-0.07631441501103936,7,27.0,24.571428571428573
10049,2018,-0.433512162180651,5,96.0,30.0
14007,2018,-2.1114037857053023,3,5.0,45.0
14014,2018,1.4784738775442758,18,5728.0,16.88888888888889
14021,2018,0.07692640693522156,8,130.0,24.75
14042,2018,-0.7725503674939863,7,58.0,32.42857142857143
14063,2018,0.05506801229015203,4,18.0,24.75
14091,2018,1.0588652687188829,8,35.0,23.875
14098,2018,1.631789974358859,15,393.0,16.866666666666667
14126,2018,-0.43215845727596514,2,16.0,22.0
14140,2018,-1.3992286162077556,5,46.0,32.2
14147,2018,-1.9761828743516692,3,21.0,39.0
14161,2018,0.9521823153179413,7,68.0,18.571428571428573
14182,2018,0.9001093396572329,9,44.0,20.88888888888889
18007,2018,-0.6735172439909868,7,56.0,28.142857142857142
18021,2018,-0.5142413701542763,10,548.0,26.9
18084,2018,-0.7167562471254665,3,11.0,39.666666666666664
22140,2018,0.5956659282937865,11,628.0,22.272727272727273
22168,2018,-2.247023714491063,3,11.0,38.666666666666664
26007,2018,0.9679194289734334,9,90.0,22.11111111111111
26021,2018,-0.06269546517986499,6,25.0,35.666666666666664
26077,2018,0.8813804087001169,16,306.0,20.875
30008,2018,-0.1677008647379333,7,36.0,27.428571428571427
30015,2018,0.8818943856883652,11,125.0,21.272727272727273
30084,2018,0.2003995397248109,12,392.0,23.25
30098,2018,1.111807160143014,10,78.0,20.4
34014,2018,0.49726644844734036,13,136.0,26.692307692307693
38021,2018,0.15801336393158916,10,363.0,21.9
38035,2018,-2.161038756646271,3,13.0,39.666666666666664
50007,2018,1.6513205598294984,20,1667.0,15.2
50105,2018,-0.15648539230510572,11,266.0,26.363636363636363
54007,2018,-1.2406330662965857,4,19.0,35.0
54028,2018,-0.22864818930354147,11,470.0,26.636363636363637
54077,2018,-1.397031146701709,2,37.0,38.5
58035,2018,0.6137556325055076,9,228.0,26.11111111111111
58056,2018,1.0776911469545598,9,28.0,20.444444444444443
62021,2018,1.2475750173099638,20,509.0,19.2
62042,2018,1.1981736199483919,12,212.0,22.0
66028,2018,-0.40954766395265696,11,529.0,26.0
74056,2018,0.3161376013340365,13,267.0,25.846153846153847
82021,2018,1.6873418532635058,8,197.0,14.375
82042,2018,0.2338903275597322,8,24.0,27.75
82049,2018,-0.4140994789506776,4,15.0,39.75
82063,2018,1.628039707482171,14,4191.0,16.5
82084,2018,1.4420227634287122,14,2142.0,17.857142857142858
82119,2018,-0.36530336594452395,6,14.0,30.666666666666668
90084,2018,0.2908416535243817,13,741.0,21.53846153846154
90105,2018,-0.2101930896114591,2,16.0,24.0
94015,2018,0.9682853161098287,14,328.0,19.928571428571427
02000,2019,1.1927361058137742,20,1709.0,21.15
06028,2019,-0.7222163903325807,7,85.0,37.57142857142857
06035,2019,0.8767862529086482,15,244.0,27.066666666666666
06049,2019,-1.3582208249671865,6,50.0,42.166666666666664
06056,2019,1.3535007322542225,17,272.0,20.294117647058822
06070,2019,0.040767106038084255,4,22.0,27.75
06077,2019,-1.4420553513666137,3,14.0,40.333333333333336
06091,2019,0.13470280612752675,8,62.0,31.5
06126,2019,0.13487740725046476,10,129.0,28.4
06147,2019,-0.10367574109764291,5,10.0,30.8
06175,2019,-1.806147137922398,2,5.0,41.0
06203,2019,-0.6392135874196051,4,25.0,38.25
06224,2019,-1.1611622837019708,3,14.0,32.666666666666664
06231,2019,-1.5975024615510152,3,14.0,46.666666666666664
06260,2019,-1.4970268033341336,3,15.0,46.333333333333336
06270,2019,-0.9933319534463418,8,20.0,39.0
06274,2019,-0.5437544307230852,6,50.0,39.0
06280,2019,-0.3811563077172379,4,29.0,33.0
06357,2019,0.21420161130618084,13,2093.0,28.076923076923077
06371,2019,-0.6943616527158132,8,108.0,36.625
06408,2019,-0.024612298207295494,6,94.0,29.166666666666668
06410,2019,-0.7538681927004148,2,15.0,40.5
06412,2019,-0.4618060100758178,5,12.0,37.0
06413,2019,-0.5276936208643221,5,27.0,35.4
06427,2019,0.5021115030926446,12,133.0,24.25
06434,2019,-0.477114922311249,8,49.0,31.75
06441,2019,1.7849095801333374,15,2941.0,18.333333333333332
06469,2019,-0.26603431870946864,2,10.0,40.0
06490,2019,-0.019061445280580007,10,103.0,28.3
06497,2019,-0.4259627027386987,7,42.0,30.0
06515,2019,0.4188397448378936,8,94.0,25.625
06532,2019,-0.8254084775979003,5,15.0,40.2
06539,2019,0.5985597432760729,13,131.0,25.76923076923077
06547,2019,-1.4970268033341336,3,15.0,46.333333333333336
06568,2019,0.3668135139851669,8,53.0,28.0
06581,2019,-0.2505831849013713,5,55.0,30.6
06595,2019,-0.2386883052899322,6,14.0,36.833333333333336
06602,2019,1.4754848747221523,10,188.0,23.4
06623,2019,0.6375332823797035,12,139.0,26.083333333333332
06638,2019,0.8335992255171807,11,185.0,24.0
06644,2019,-0.7398494497702388,7,36.0,36.0
06658,2019,1.3058374386098341,11,303.0,20.90909090909091
06735,2019,-0.8033704398546805,6,14.0,39.666666666666664
06756,2019,-0.0226931378590558,8,91.0,30.625
06760,2019,0.06789046702778988,15,182.0,26.466666666666665
06763,2019,0.464899727890481,6,66.0,26.833333333333332
06791,2019,1.2881634933053958,21,1761.0,21.38095238095238
06805,2019,-0.2641694512059819,11,49.0,32.09090909090909
06826,2019,-0.8541744802031466,4,15.0,39.25
06833,2019,-1.427697498566453,5,22.0,44.4
06840,2019,-0.415703528510104,7,28.0,31.714285714285715
06861,2019,1.2972928676069497,9,42.0,23.88888888888889
06882,2019,-0.023444923949035676,4,8.0,35.0
10049,2019,-0.8064507875032451,6,116.0,38.333333333333336
14007,2019,-1.5271070608480133,4,7.0,47.25
14014,2019,1.4775518376662415,23,7775.0,20.26086956521739
14021,2019,0.18808757872940499,10,184.0,26.7
14035,2019,-1.6946467890296133,3,14.0,46.0
14042,2019,-0.03575105554987382,8,81.0,30.125
14063,2019,-0.6741101545416512,5,22.0,31.6
14091,2019,0.5638546463185916,10,66.0,27.2
14098,2019,1.9162566814906294,19,523.0,17.05263157894737
14126,2019,-1.3848075364254278,2,17.0,29.5
14140,2019,0.06985498269307618,9,92.0,32.333333333333336
14147,2019,-1.668612446939766,5,39.0,44.6
14161,2019,0.8269820170783598,7,74.0,23.285714285714285
14182,2019,0.8142120390701577,9,49.0,24.333333333333332
18007,2019,-0.100367278732579,7,63.0,31.571428571428573
18021,2019,-0.0026378300544751313,11,808.0,29.818181818181817
18084,2019,-1.1234893281608085,3,12.0,44.333333333333336
22140,2019,0.65272054857227,11,774.0,26.727272727272727
22168,2019,-1.825008624975462,3,13.0,44.666666666666664
26007,2019,2.5344840495196306,8,145.0,18.125
26021,2019,-0.7469049307999417,6,38.0,39.666666666666664
26077,2019,0.6096503978824047,18,361.0,23.88888888888889
30008,2019,0.08650026460257884,8,45.0,31.75
30015,2019,1.4569990516174398,14,170.0,21.0
30056,2019,-0.9647863300465086,5,13.0,39.4
30084,2019,0.2861490641548543,13,500.0,25.846153846153847
30098,2019,1.0558439775166835,14,138.0,21.571428571428573
34014,2019,0.3446549749827375,15,233.0,28.133333333333333
38021,2019,0.14553754752294096,13,439.0,28.76923076923077
38035,2019,-1.5975024615510152,3,52.0,46.666666666666664
50007,2019,1.653349639684329,23,2235.0,18.26086956521739
50021,2019,-0.4223408102354597,4,29.0,32.5
50105,2019,0.6179697321650748,14,345.0,28.214285714285715
54007,2019,-1.0258385781019999,5,31.0,37.0
54028,2019,-0.31226917043770347,11,611.0,31.636363636363637
54063,2019,-0.632844585301106,5,10.0,40.6
54077,2019,-1.356155563633705,2,40.0,41.0
54091,2019,-1.0771414975156137,5,13.0,43.2
58035,2019,1.4942637921340498,12,317.0,23.833333333333332
58056,2019,0.7676715932892522,9,29.0,24.333333333333332
62021,2019,1.8094043935855482,24,631.0,20.208333333333332
62042,2019,1.5040704330844632,13,256.0,23.846153846153847
66028,2019,0.43078237026862803,9,749.0,26.555555555555557
74056,2019,0.3362078689451448,12,345.0,29.166666666666668
82014,2019,0.1409553349945556,7,10.0,33.57142857142857
82021,2019,1.2702530091165531,12,245.0,19.5
82042,2019,0.3844658465271446,7,42.0,27.285714285714285
82049,2019,-0.8090255119360615,4,19.0,42.0
82063,2019,2.277798624876878,16,5484.0,15.3125
82084,2019,1.2507417728469714,18,2713.0,19.944444444444443
82119,2019,-0.33008680759197206,5,14.0,32.4
90084,2019,0.27681638453603286,14,976.0,26.642857142857142
90105,2019,-0.07726266151155972,2,16.0,29.0
94015,2019,1.220337980092936,16,389.0,23.6875
02000,2020,0.9445230363267572,21,2816.0,24.285714285714285
06028,2020,-0.8747915905460726,8,109.0,40.75
06035,2020,0.41394888984408834,15,320.0,30.933333333333334
06049,2020,-1.0913225587976647,6,73.0,44.333333333333336
06056,2020,1.2508276512457932,22,452.0,22.681818181818183
06063,2020,-0.22537340001377415,7,15.0,40.0
06070,2020,0.042099422038656895,4,23.0,33.0
06077,2020,-1.8000448613586473,4,17.0,49.75
06091,2020,-0.44825810186538967,10,130.0,38.4
06098,2020,0.15871244953656646,5,19.0,31.6
06126,2020,0.02742393632665582,11,168.0,32.18181818181818
06147,2020,-0.4984998047962116,8,42.0,36.0
06161,2020,-0.9039074573267235,4,11.0,42.25
06175,2020,-2.0111589918020507,2,5.0,49.5
06203,2020,-0.97707871766407,4,31.0,43.75
06224,2020,-0.5275551354610727,5,20.0,40.2
06231,2020,-2.0198736373953685,3,14.0,52.0
06245,2020,-1.137581952784949,6,22.0,39.833333333333336
06252,2020,1.3656333922798098,3,11.0,31.0
06260,2020,-2.3663669310900493,2,37.0,58.0
06270,2020,-1.340148461904344,7,29.0,44.142857142857146
06274,2020,-0.2560945209692189,6,76.0,41.0
06280,2020,-8.86941130609088e-05,5,34.0,32.2
06357,2020,0.3057063106529167,16,3131.0,31.25
06364,2020,-0.6104446107448182,8,25.0,41.0
06371,2020,-1.0336281895167772,8,138.0,42.0
06408,2020,-0.3167212362715183,7,146.0,35.142857142857146
06410,2020,-0.443431814545814,4,26.0,43.75
06412,2020,-0.10152479079101931,7,29.0,38.142857142857146
06413,2020,-1.0554406411761759,7,47.0,44.0
06427,2020,0.5913541224966645,16,197.0,29.1875
06434,2020,-0.6166828400112719,8,78.0,36.625
06441,2020,1.431448987236051,18,3893.0,21.22222222222222
06469,2020,0.09654600666634516,2,10.0,44.5
06483,2020,-0.44038911027583294,4,12.0,43.5
06490,2020,-0.06618983651334559,13,175.0,33.46153846153846
06497,2020,0.5505795056040765,10,65.0,31.0
06515,2020,0.7929993579885727,8,124.0,28.375
06532,2020,-0.8073824985224739,5,15.0,47.0
06539,2020,0.6418200016848363,15,155.0,29.2
06547,2020,-1.7265987264072744,3,34.0,51.333333333333336
06568,2020,0.6953480439473748,9,100.0,30.555555555555557
06581,2020,0.15597834612189926,9,75.0,31.444444444444443
06588,2020,-0.11345144024476991,4,12.0,34.25
06595,2020,0.17832850157871,8,21.0,33.875
06602,2020,1.5970211376138328,11,210.0,29.0
06623,2020,1.1713891735312105,14,211.0,24.642857142857142
06638,2020,1.2443498219361717,15,258.0,24.4
06644,2020,-0.6572176247133708,6,44.0,38.333333333333336
06658,2020,0.6650039968279627,20,473.0,24.15
06735,2020,-0.815957391524664,6,14.0,44.666666666666664
06749,2020,-0.8572281232100097,5,46.0,41.4
06756,2020,0.37889684090963305,8,121.0,33.125
06760,2020,1.1950192577888183,20,337.0,24.3
06763,2020,0.4512728434765141,7,86.0,30.571428571428573
06791,2020,1.717394311528915,23,2236.0,21.217391304347824
06805,2020,-0.11642755786216237,10,98.0,35.1
06826,2020,-1.064713761954936,5,46.0,43.0
06833,2020,-1.5377009031251807,5,33.0,51.2
06840,2020,-0.5972567363000162,10,52.0,37.5
06861,2020,0.5959566974519905,12,121.0,31.333333333333332
06868,2020,-0.3084425421930304,8,24.0,31.625
06882,2020,0.656607337310076,8,16.0,30.5
10049,2020,-0.4517976618480644,5,259.0,39.8
14007,2020,-0.6701768915822697,3,16.0,41.0
14014,2020,1.6391514447534712,24,11100.0,21.0
14021,2020,0.23017527766253273,12,221.0,33.0
14028,2020,-1.2734137057879278,4,9.0,48.0
14035,2020,-1.94650813181597,3,16.0,53.666666666666664
14042,2020,0.18156216132393363,9,118.0,33.77777777777778
14056,2020,-1.4581028554770206,5,10.0,50.6
14063,2020,0.2321552730573279,7,32.0,31.0
14091,2020,-0.22418984027549657,10,180.0,32.7
14098,2020,1.7096847048070127,20,665.0,21.8
14126,2020,-0.8175070106188843,2,19.0,33.5
14140,2020,0.09615211753211339,8,168.0,36.125
14147,2020,-1.088407975121314,7,53.0,45.714285714285715
14161,2020,0.9061462275738601,8,81.0,25.375
14182,2020,0.955847498087946,9,72.0,28.666666666666668
18007,2020,-0.11166670707114304,6,65.0,34.833333333333336
18021,2020,0.570189897435607,15,1092.0,28.133333333333333
18084,2020,-0.9244900600889928,2,12.0,47.5
22021,2020,-1.2337227916272524,2,24.0,41.5
22098,2020,-0.8227137535314002,2,11.0,42.0
22140,2020,0.9273881472019467,14,973.0,28.785714285714285
22168,2020,-1.0272892590078266,3,25.0,52.333333333333336
26007,2020,2.115346495649035,12,173.0,20.833333333333332
26021,2020,-0.3348356445676567,8,60.0,39.625
26035,2020,-1.3402330273361036,6,19.0,44.166666666666664
26077,2020,0.8871832859378053,21,469.0,24.238095238095237
30008,2020,-0.0029527049584071553,7,51.0,36.285714285714285
30015,2020,1.2006039385056533,17,213.0,24.41176470588235
30021,2020,-0.6316825825683463,2,12.0,27.0
30056,2020,-1.1243380367860532,6,26.0,43.333333333333336
30084,2020,0.2118533211049157,12,680.0,31.416666666666668
30098,2020,0.8866945171003479,17,296.0,23.764705882352942
34014,2020,0.062223089648469725,16,364.0,33.75
38021,2020,0.4072300536113389,17,663.0,27.88235294117647
38035,2020,-1.2191266231832374,4,59.0,44.25
50007,2020,1.7428224447228946,24,3168.0,21.208333333333332
50021,2020,0.08433749550303128,4,39.0,34.75
50105,2020,0.42688484058298365,15,376.0,32.8
54007,2020,-0.6511124747564401,5,33.0,42.6
54028,2020,-0.1507900403184089,12,919.0,35.416666666666664
54042,2020,1.2354712475799248,4,13.0,21.0
54063,2020,0.6792424388473479,9,18.0,27.77777777777778
54077,2020,-1.2953686704732492,2,47.0,50.5
54091,2020,-0.8171049037400478,8,40.0,46.875
58035,2020,1.1057435670699158,20,437.0,23.8
58056,2020,0.8407083753496798,9,30.0,27.444444444444443
62021,2020,2.231012532491319,26,752.0,20.26923076923077
62042,2020,1.5079907538208814,15,293.0,27.8
66028,2020,0.16328917152701636,10,1001.0,32.3
74056,2020,0.8589982334618734,16,411.0,31.25
82014,2020,0.500657875959328,6,18.0,34.333333333333336
82021,2020,0.793173887054008,13,363.0,25.307692307692307
82042,2020,-0.49470927748837507,9,65.0,40.666666666666664
82049,2020,-0.6784596769892828,7,29.0,40.714285714285715
82063,2020,2.3914248827249187,22,6467.0,18.272727272727273
82070,2020,0.6317727339763822,4,15.0,34.75
82084,2020,1.608321163163146,18,3652.0,22.055555555555557
82119,2020,-0.2610223183097807,5,15.0,36.6
90084,2020,0.5779906390872278,16,1232.0,29.3125
90105,2020,-0.6574371637151304,3,17.0,34.333333333333336
94015,2020,1.5585158689711034,15,474.0,22.8
02000,2021,0.8625206209604673,25,4660.0,25.2
06028,2021,-0.5438015710367541,9,156.0,45.44444444444444
06035,2021,0.9414018282151563,20,492.0,32.55
06049,2021,-0.17884073768014425,7,105.0,50.142857142857146
06056,2021,1.3539846559220023,26,633.0,24.153846153846153
06063,2021,0.6038061911425565,5,29.0,43.6
06070,2021,0.4283826672098395,4,32.0,40.25
06077,2021,-1.421909011882913,4,21.0,59.5
06091,2021,-0.2459249037129837,12,263.0,42.0
06098,2021,0.6088094302398405,8,55.0,32.375
06105,2021,-1.3426150552223375,3,31.0,58.333333333333336
06126,2021,0.44021033360645256,11,205.0,37.18181818181818
06147,2021,-0.2523128947964168,8,69.0,45.25
06161,2021,-0.027885064465631715,5,25.0,43.8
06175,2021,-0.9340500155209428,3,8.0,61.0
06182,2021,-1.1204316085637511,2,10.0,56.5
06203,2021,-0.6441250681372194,4,31.0,54.75
06224,2021,0.23207458568316286,7,37.0,44.57142857142857
06231,2021,-2.2685436905576615,3,14.0,71.33333333333333
06245,2021,-1.0078733310898862,5,47.0,51.8
06252,2021,0.2159532388725394,9,41.0,41.22222222222222
06260,2021,-2.141481028145534,4,141.0,57.25
06270,2021,-0.2813172573407117,8,35.0,47.5
06274,2021,0.22316574707816864,8,120.0,43.75
06280,2021,0.15870629532614453,8,49.0,41.125
06357,2021,0.7286983320481247,17,4790.0,30.58823529411765
06364,2021,0.08892902233381013,13,65.0,40.46153846153846
06371,2021,-0.09108541902549686,9,233.0,41.666666666666664
06399,2021,0.049165700364026635,4,13.0,47.0
06408,2021,-0.005858861413444042,8,247.0,37.0
06410,2021,0.09651399219095134,6,55.0,36.833333333333336
06412,2021,0.7880819047229386,5,36.0,35.0
06413,2021,0.023603559019573346,9,77.0,45.111111111111114
06420,2021,-1.0245277822833878,3,19.0,55.666666666666664
06427,2021,0.46991138805007987,19,293.0,33.73684210526316
06434,2021,-0.39526778052353173,11,162.0,47.54545454545455
06441,2021,1.889990558788925,21,5397.0,20.428571428571427
06469,2021,0.3282525196286338,2,10.0,50.5
06483,2021,-0.584559357736146,8,24.0,52.25
06490,2021,0.26491319996773416,12,308.0,38.833333333333336
06497,2021,0.9195293559785069,11,79.0,32.90909090909091
06515,2021,0.9069095912206411,9,166.0,33.111111111111114
06518,2021,-2.334243647009417,2,17.0,75.5
06532,2021,-0.6489827596715572,5,25.0,53.2
06539,2021,0.7072005623467488,14,189.0,34.857142857142854
06547,2021,-2.141481028145534,4,120.0,57.25
06560,2021,-1.6256928251020974,4,46.0,60.75
06568,2021,0.6305483037440635,16,180.0,35.25
06574,2021,-1.0789477885131655,6,11.0,55.0
06581,2021,0.6511642549145441,11,108.0,35.45454545454545
06588,2021,0.4679762081488163,5,14.0,43.0
06595,2021,0.6905896087093621,8,38.0,41.0
06602,2021,1.2854493755650385,13,254.0,33.46153846153846
06623,2021,0.8653842042996541,15,322.0,33.13333333333333
06638,2021,1.3631332406462298,16,328.0,25.375
06644,2021,-0.3154030669786592,8,96.0,49.875
06658,2021,0.8237393344094467,22,755.0,24.363636363636363
06665,2021,-0.6852042622185456,5,11.0,53.8
06672,2021,-0.5538452707755754,5,16.0,53.4
06686,2021,-0.4722244616830826,5,10.0,58.2
06735,2021,-0.1355855833170678,5,23.0,52.6
06749,2021,-0.3928598726987922,10,146.0,49.6
06756,2021,0.4915903453446934,10,174.0,38.6
06760,2021,0.991922150794747,17,731.0,28.764705882352942
06763,2021,1.0462359503015888,6,103.0,32.833333333333336
06770,2021,-1.559908453077387,2,17.0,55.0
06784,2021,-1.6730165939069013,3,12.0,64.0
06791,2021,1.5091667168026603,29,2853.0,23.137931034482758
06805,2021,0.4400020263766592,11,185.0,39.0
06819,2021,-0.6848048403926902,6,22.0,49.5
06826,2021,-0.6792016514299484,6,73.0,51.833333333333336
06833,2021,-0.8650518566843006,7,57.0,57.714285714285715
06840,2021,-0.5131571376646767,6,148.0,48.333333333333336
06861,2021,1.2462315161150785,13,246.0,29.307692307692307
06868,2021,0.12576338256638936,8,40.0,37.75
06882,2021,0.7425478959904309,10,29.0,35.0
10049,2021,0.3217979384625837,11,528.0,33.18181818181818
14007,2021,0.7610685790717988,3,22.0,34.333333333333336
14014,2021,1.7585342801212727,26,15109.0,21.423076923076923
14021,2021,0.34884137234741425,14,331.0,36.714285714285715
14028,2021,0.18255514646651808,5,14.0,44.8
14035,2021,-0.9731098085584571,3,23.0,65.66666666666667
14042,2021,0.13937128509079125,13,252.0,42.0
14056,2021,-1.2229722219631523,6,13.0,61.833333333333336
14063,2021,0.2998662022605232,9,69.0,34.55555555555556
14091,2021,0.6826926356641608,15,346.0,31.866666666666667
14098,2021,1.5055999787640046,22,918.0,25.40909090909091
14119,2021,-0.30230792585684685,6,25.0,48.833333333333336
14126,2021,-0.46298195801780334,3,22.0,26.666666666666668
14140,2021,0.24694144555334893,14,331.0,39.07142857142857
14147,2021,-0.5614793665369725,10,95.0,46.6
14161,2021,0.8699866403965941,12,112.0,34.166666666666664
14182,2021,1.0231096446206145,9,87.0,33.77777777777778
18007,2021,0.7751034715804882,6,93.0,30.166666666666668
18021,2021,0.3047725331548806,18,1664.0,33.44444444444444
18084,2021,-0.10872269641445305,3,14.0,49.333333333333336
22021,2021,-0.43318789327559176,4,53.0,50.5
22098,2021,-0.11584698303490419,2,11.0,52.0
22140,2021,0.8797191032636081,20,1415.0,31.05
22168,2021,-1.24548684665483,4,32.0,65.75
26007,2021,1.7382824151383294,12,205.0,25.75
26021,2021,0.4033453496860792,9,79.0,38.888888888888886
26035,2021,-1.3109124639057697,6,81.0,57.666666666666664
26077,2021,1.095856978889918,24,577.0,27.541666666666668
30008,2021,-0.042362888568038715,8,83.0,46.625
30015,2021,1.22613387286784,20,296.0,28.15
30021,2021,0.2379537205847791,4,23.0,41.75
30049,2021,-1.2857609132069157,4,14.0,70.0
30056,2021,0.37082019958307527,10,68.0,38.4
30084,2021,0.899312429675619,14,988.0,29.571428571428573
30088,2021,-1.350293629084962,2,11.0,76.0
30091,2021,-0.7361408798870037,6,10.0,51.0
30098,2021,1.3462177338372916,18,435.0,24.444444444444443
30105,2021,-0.885903740773276,6,25.0,55.166666666666664
34014,2021,0.7587695079371072,13,586.0,34.61538461538461
38021,2021,0.28364739620311114,17,1126.0,33.8235294117647
38035,2021,-1.5219446936301793,4,61.0,60.25
38042,2021,-0.6326706008304167,5,13.0,59.2
50007,2021,1.5953047095892483,27,4476.0,22.962962962962962
50014,2021,-1.1368112101258765,5,10.0,62.4
50021,2021,-0.8105437338615616,6,103.0,52.0
50070,2021,-1.4241918029337186,2,14.0,63.0
50105,2021,0.9126401967106221,16,513.0,34.375
50119,2021,-1.7759807985421863,3,10.0,61.0
54007,2021,-0.06104016908818304,4,43.0,51.0
54028,2021,0.056130488186307996,18,1289.0,36.666666666666664
54042,2021,0.9245712673985941,8,33.0,34.75
54063,2021,0.73625443157615,11,43.0,26.727272727272727
54077,2021,-0.44024178500926475,2,49.0,63.5
54084,2021,-1.9470760500434021,4,16.0,65.25
54091,2021,-0.8699967517350148,8,60.0,51.875
54098,2021,-1.3289668478837933,2,10.0,67.5
58035,2021,1.026287942750349,23,592.0,28.347826086956523
58056,2021,1.1848226650475238,9,34.0,29.11111111111111
58112,2021,-1.869502286705706,3,11.0,60.333333333333336
62021,2021,2.053309237719173,26,989.0,22.0
62042,2021,1.400255174021171,16,362.0,31.0625
66028,2021,0.3015174314474599,12,1479.0,35.833333333333336
66077,2021,-2.2685436905576615,3,15.0,71.33333333333333
74056,2021,1.1260442897775709,17,511.0,32.294117647058826
82014,2021,0.5516873560721449,6,74.0,41.5
82021,2021,0.4968523907267109,15,566.0,35.266666666666666
82028,2021,-0.429816615185619,5,13.0,57.0
82042,2021,-0.39394998148354454,10,86.0,45.4
82049,2021,0.3271082033393716,11,78.0,37.09090909090909
82063,2021,2.0652002792848965,23,8267.0,21.043478260869566
82070,2021,-0.17146543528711258,4,65.0,50.75
82084,2021,1.8156724785289569,23,5031.0,20.217391304347824
82119,2021,-0.11517808809498466,6,18.0,45.333333333333336
90021,2021,-1.676060315307977,3,28.0,68.66666666666667
90070,2021,-0.7645805764803744,4,11.0,58.75
90084,2021,0.4341134994441174,18,1766.0,32.44444444444444
90105,2021,-0.6597872179439833,3,17.0,42.666666666666664
90119,2021,-1.4728464690355831,4,18.0,68.0
94015,2021,1.5104551754208657,16,620.0,26.3125
02000,2022,0.8112497479242721,26,6979.0,33.5
06028,2022,-0.20393635121575643,9,207.0,48.77777777777778
06035,2022,1.0588821001504227,19,764.0,35.78947368421053
06049,2022,-0.16955862411205966,7,122.0,57.57142857142857
06056,2022,1.5508389853448608,28,1109.0,25.607142857142858
06063,2022,0.24579083102220492,5,48.0,58.0
06070,2022,-0.34688663565893885,5,72.0,51.2
06077,2022,-0.9512250555833873,5,36.0,68.4
06091,2022,0.32147780146445243,13,369.0,47.46153846153846
06098,2022,0.6973293576832773,10,67.0,38.8
06105,2022,-0.9358672106573751,5,66.0,64.2
06112,2022,-2.017971218195527,3,38.0,96.0
06126,2022,0.5341637418976661,14,259.0,39.785714285714285
06147,2022,0.38276270656640277,7,76.0,41.285714285714285
06161,2022,-0.16653704615542744,7,47.0,53.57142857142857
06175,2022,-0.8264992757842561,3,8.0,74.66666666666667
06182,2022,-0.8188141899776294,6,38.0,72.83333333333333
06189,2022,-1.6036597685934815,3,17.0,87.33333333333333
06203,2022,-0.8327458401415652,4,38.0,77.25
06210,2022,0.07398477832924714,5,17.0,54.8
06224,2022,-0.4049460529966548,7,96.0,60.285714285714285
06231,2022,-2.017971218195527,3,14.0,96.0
06245,2022,-0.9023981837696041,5,59.0,66.4
06252,2022,-0.057066050895516175,9,97.0,52.0
06260,2022,-1.3143387011467098,5,183.0,71.2
06270,2022,0.4427446681537705,7,54.0,42.42857142857143
06274,2022,0.5305780786502375,9,198.0,46.44444444444444
06280,2022,0.24975109389355807,8,67.0,48.125
06315,2022,-0.21775647568198767,7,27.0,60.285714285714285
06357,2022,1.127695993993188,21,7062.0,31.095238095238095
06364,2022,0.26591502158105845,14,103.0,45.42857142857143
06371,2022,0.11229172888052073,9,310.0,50.77777777777778
06399,2022,0.12805210286561852,7,25.0,46.714285714285715
06408,2022,0.6532830898631641,11,336.0,39.54545454545455
06410,2022,0.2011217177786862,8,74.0,41.625
06412,2022,0.25292694407727284,6,49.0,51.833333333333336
06413,2022,-0.5462146943698687,6,178.0,67.33333333333333
06420,2022,-1.144964508892024,3,36.0,67.66666666666667
06427,2022,0.8354566616148261,18,405.0,35.833333333333336
06434,2022,-0.16423394771791747,11,241.0,55.27272727272727
06441,2022,2.1536675778503143,30,7554.0,20.433333333333334
06455,2022,-1.6713860442767239,3,10.0,82.0
06469,2022,-0.06267822001417597,2,10.0,59.0
06483,2022,-0.18537634237734754,8,37.0,51.75
06490,2022,0.8430371380429945,17,535.0,37.76470588235294
06497,2022,1.0076767981995858,14,121.0,35.714285714285715
06515,2022,0.4841585234970212,10,218.0,43.7
06518,2022,-1.737967565675026,4,34.0,86.5
06525,2022,-0.08007697907221414,5,13.0,58.6
06532,2022,-1.0766815018851672,5,42.0,73.6
06539,2022,0.8277481566725893,14,241.0,33.92857142857143
06547,2022,-1.3143387011467098,5,147.0,71.2
06560,2022,-1.1072803673981986,5,72.0,73.6
06568,2022,1.0392030723951007,17,266.0,36.76470588235294
06574,2022,-0.6719660407860673,6,28.0,66.66666666666667
06581,2022,0.17226293271439264,12,321.0,47.75
06588,2022,0.4212272846503131,5,14.0,46.2
06595,2022,0.17937098411884295,12,110.0,52.416666666666664
06602,2022,1.4750263088718845,15,284.0,34.46666666666667
06623,2022,1.127645753977095,19,494.0,37.05263157894737
06638,2022,1.2451553043729389,20,492.0,32.55
06644,2022,0.028675891110845435,10,147.0,48.2
06648,2022,-0.45158439705313,6,12.0,63.0
06655,2022,-0.6974223091628053,4,11.0,66.5
06658,2022,1.0003451396718626,25,1193.0,32.4
06665,2022,-0.575968642995104,5,25.0,66.2
06672,2022,-0.7212981508017995,5,17.0,61.8
06686,2022,-0.914503056843246,6,25.0,67.33333333333333
06735,2022,-0.2569771325007459,5,25.0,65.0
06742,2022,-2.0592688637810026,2,10.0,89.0
06749,2022,0.1496964007113081,12,215.0,49.25
06756,2022,0.5430715232935249,14,261.0,42.142857142857146
06760,2022,1.3388170089026719,18,1403.0,31.444444444444443
06763,2022,0.11913792900752973,9,207.0,50.44444444444444
06770,2022,-1.2430292611376295,2,34.0,67.0
06778,2022,-0.21758171295629933,4,24.0,51.25
06784,2022,-1.3324967295495955,4,17.0,80.75
06791,2022,1.5668249484084575,29,3751.0,25.551724137931036
06805,2022,0.5043948248763582,14,356.0,44.214285714285715
06819,2022,-0.4095585365553674,7,56.0,64.85714285714286
06826,2022,-0.41119870931784647,8,89.0,61.25
06833,2022,-0.8663884393236723,7,95.0,69.71428571428571
06840,2022,0.07274607725665697,8,206.0,55.875
06854,2022,-1.0609735418975892,4,12.0,74.0
06861,2022,1.2405168616957283,13,325.0,35.38461538461539
06868,2022,0.20105912927257077,7,72.0,44.0
06882,2022,0.7589564024011037,11,41.0,39.63636363636363
10021,2022,-1.597427440085249,4,14.0,90.5
10049,2022,0.6312148960199684,11,743.0,40.45454545454545
10105,2022,0.44058142538750467,3,13.0,55.333333333333336
14007,2022,-0.21253230914917126,5,58.0,60.4
14014,2022,1.8554940481195894,39,21133.0,22.666666666666668
14021,2022,0.44586923577704113,15,576.0,41.93333333333333
14028,2022,0.016192958429419063,7,37.0,51.857142857142854
14035,2022,-0.6905198334936337,4,23.0,74.25
14042,2022,0.2221821090059814,17,570.0,45.588235294117645
14056,2022,-1.1435917357801475,4,24.0,81.75
14063,2022,0.1749440058753281,12,94.0,44.25
14091,2022,1.29522802883423,20,544.0,33.05
14098,2022,1.768252792791302,31,1215.0,24.70967741935484
14119,2022,0.140803615243765,7,47.0,56.714285714285715
14126,2022,-0.8350193514904559,5,49.0,59.4
14140,2022,0.5360893129806589,15,617.0,40.4
14147,2022,-0.5217379650240339,10,170.0,55.6
14161,2022,0.5378372121805454,14,197.0,44.42857142857143
14182,2022,0.8159423210674692,13,130.0,35.07692307692308
18007,2022,1.1382348697302007,7,118.0,32.57142857142857
18021,2022,0.547314450122082,18,2585.0,37.333333333333336
18084,2022,-0.48530924416040105,4,27.0,57.75
22021,2022,-0.5791094234872218,7,124.0,63.857142857142854
22098,2022,-0.4486697060822879,5,20.0,57.6
22140,2022,1.0964973470674826,21,2017.0,34.80952380952381
22168,2022,-1.1037184385943364,4,41.0,83.5
26007,2022,1.5856022367365854,14,268.0,31.214285714285715
26021,2022,0.42359714680211774,10,150.0,49.2
26035,2022,-1.3384315942754885,6,127.0,73.66666666666667
26042,2022,-0.3396536704899384,5,10.0,68.2
26077,2022,1.1530167975107157,25,776.0,31.24
30008,2022,0.2201494296180763,10,127.0,49.6
30015,2022,1.4319788172804944,21,499.0,30.714285714285715
30021,2022,-0.173393275616565,8,36.0,59.625
30028,2022,-0.21003040649111115,4,19.0,66.25
30049,2022,-0.49040940248518466,6,28.0,67.83333333333333
30056,2022,0.5383376141209218,11,183.0,44.45454545454545
30077,2022,-1.4915496828108281,3,11.0,81.66666666666667
30084,2022,1.4416361205821753,14,1375.0,28.714285714285715
30088,2022,-0.401400574207028,4,20.0,59.75
30091,2022,-0.5306714199641808,6,19.0,64.0
30098,2022,1.4719164802307174,18,619.0,28.166666666666668
30105,2022,-0.4618581164329663,6,28.0,64.33333333333333
34014,2022,1.2220565161387158,14,1167.0,35.42857142857143
38021,2022,0.6575300578579887,20,2105.0,39.0
38035,2022,-1.3174944053763065,4,64.0,80.0
38042,2022,-0.6200456959448268,5,20.0,72.0
50007,2022,1.5373367864378027,27,6700.0,26.962962962962962
50014,2022,-0.7395485997325268,5,37.0,63.2
50021,2022,-0.5920799464650608,8,209.0,58.5
50028,2022,0.2486170488559745,3,20.0,51.0
50070,2022,-1.0616932532411447,2,20.0,78.5
50105,2022,1.0880614118362146,19,687.0,39.578947368421055
50119,2022,-1.096857657460874,5,13.0,61.2
54007,2022,-0.48692615740563194,6,52.0,62.666666666666664
54028,2022,0.424580901312502,18,1913.0,40.22222222222222
54042,2022,0.7278905252561789,10,62.0,42.2
54063,2022,0.5722213325172614,13,49.0,36.53846153846154
54070,2022,-0.4641490609140371,5,8.0,60.6
54077,2022,-0.8122930296683799,3,70.0,81.33333333333333
54084,2022,-1.7429593957715777,4,30.0,85.75
54091,2022,-0.8523889111340667,8,98.0,61.375
54098,2022,0.5420840114908321,8,32.0,49.75
58035,2022,1.514347688776792,22,919.0,29.681818181818183
58056,2022,0.916055825640448,10,45.0,39.1
58112,2022,-1.6788205520205772,3,13.0,77.66666666666667
62021,2022,2.057091936604984,30,1347.0,24.533333333333335
62042,2022,1.692261383225345,21,440.0,29.047619047619047
66028,2022,0.16752538997099106,17,2506.0,44.8235294117647
66056,2022,-1.4841151750669739,3,13.0,86.0
66077,2022,-2.017971218195527,3,16.0,96.0
70028,2022,-2.017971218195527,3,25.0,96.0
74056,2022,1.4060848239268404,22,624.0,32.40909090909091
78021,2022,-2.0481171021652207,2,10.0,95.5
82007,2022,-0.06201064888880388,5,11.0,64.2
82014,2022,0.7870039964247466,7,106.0,44.42857142857143
82021,2022,0.8084071540581877,18,860.0,36.611111111111114
82028,2022,-0.3488460423001287,5,17.0,66.8
82042,2022,-0.305026861696733,12,134.0,55.75
82049,2022,0.638998713758826,13,160.0,37.23076923076923
82063,2022,2.3501183684359344,28,10662.0,21.0
82070,2022,0.3171347120605548,7,102.0,47.57142857142857
82077,2022,0.20566372168385222,4,10.0,53.0
82084,2022,1.978140376121069,22,7137.0,23.772727272727273
82105,2022,-1.9353759270245765,1,18.0,110.0
82112,2022,-0.37163399203176384,5,20.0,58.8
82119,2022,-0.4318728929582299,7,29.0,61.285714285714285
86049,2022,0.4654368026105645,5,36.0,42.2
90021,2022,-1.7429593957715777,4,106.0,85.75
90070,2022,-1.061514157197592,5,13.0,75.4
90084,2022,1.1327632174501194,21,2626.0,33.80952380952381
90105,2022,0.658780654078397,2,22.0,41.5
90119,2022,-1.4575332736909041,5,50.0,84.0
94015,2022,1.553004704935568,15,1031.0,29.733333333333334
02000,2023,0.9539098791771199,30,9111.0,35.7
06028,2023,-0.35955282904437563,10,300.0,60.5
06035,2023,0.885572498956429,19,976.0,43.578947368421055
06049,2023,0.09852515568626113,8,149.0,59.0
06056,2023,1.3269467528458359,28,1556.0,32.785714285714285
06063,2023,0.9104486205906387,6,67.0,52.0
06070,2023,-0.29559760992674555,6,125.0,56.166666666666664
06077,2023,-0.9659276514232862,5,43.0,78.0
06084,2023,-1.932053681373049,3,32.0,94.0
06091,2023,0.6728532933343658,16,451.0,45.1875
06098,2023,0.866455712051249,10,82.0,40.2
06105,2023,-0.29122518502880973,7,98.0,62.714285714285715
06112,2023,-1.9708669898200917,3,67.0,111.33333333333333
06119,2023,-0.19997918859816133,5,15.0,69.6
06126,2023,0.7717663724474884,19,318.0,39.21052631578947
06147,2023,0.3122810307184182,9,82.0,49.77777777777778
06161,2023,-0.3169608073974312,7,52.0,58.857142857142854
06175,2023,-0.7537004490844722,3,9.0,83.0
06182,2023,-0.05814177530601563,6,104.0,62.166666666666664
06189,2023,-1.6672683369399193,3,24.0,98.33333333333333
06203,2023,-0.8536555265988891,5,39.0,82.0
06210,2023,-0.1889958758768064,8,24.0,56.75
06224,2023,-0.02796777318819788,9,162.0,62.666666666666664
06231,2023,-2.091964185068559,2,14.0,105.5
06238,2023,-0.24550417301093075,5,25.0,73.2
06245,2023,-0.15777067647831564,8,89.0,65.25
06252,2023,0.1976810203686556,13,142.0,47.61538461538461
06260,2023,-1.0846531374932606,7,278.0,73.0
06270,2023,-0.3950958739267438,11,98.0,64.36363636363636
06274,2023,0.6979967840685756,10,283.0,47.9
06280,2023,-0.45723223831577003,9,104.0,64.77777777777777
06315,2023,0.23453166684544444,6,29.0,56.666666666666664
06357,2023,0.9425894017955811,22,9483.0,35.86363636363637
06364,2023,0.4279638804789953,12,122.0,50.75
06371,2023,0.16014642064002546,12,351.0,54.0
06385,2023,-1.1129835087960827,4,13.0,72.75
06392,2023,-1.6840296411958775,5,11.0,92.4
06399,2023,0.3095705058060282,7,26.0,52.285714285714285
06408,2023,0.624662732328148,14,443.0,46.714285714285715
06410,2023,0.06592030205488006,8,109.0,52.625
06412,2023,0.12214979335740525,8,77.0,61.125
06413,2023,0.5044247214016979,11,237.0,52.63636363636363
06420,2023,-0.6775606980805274,4,41.0,62.5
06427,2023,0.8253602283648085,20,552.0,40.7
06434,2023,0.6370557301953459,13,342.0,48.61538461538461
06441,2023,2.0173252530595165,33,9758.0,23.96969696969697
06455,2023,-1.5053172123252243,3,31.0,98.33333333333333
06469,2023,-0.4889599964804577,3,13.0,63.333333333333336
06483,2023,-0.6760111838533649,6,54.0,63.666666666666664
06490,2023,0.9091121629305946,16,791.0,39.8125
06497,2023,0.9560978849812151,17,153.0,38.294117647058826
06505,2023,-1.3056887779286686,5,13.0,92.2
06511,2023,-0.9314867422985768,4,21.0,83.75
06515,2023,0.409953816829327,11,252.0,45.45454545454545
06518,2023,-1.7104504907254134,4,57.0,100.5
06525,2023,0.05620159359369796,5,13.0,62.8
06532,2023,-1.6840296411958775,5,154.0,92.4
06539,2023,1.157179582539481,18,323.0,30.61111111111111
06547,2023,-1.0846531374932606,7,228.0,73.0
06553,2023,-0.7664311493003491,5,12.0,80.2
06560,2023,-0.37960219235574544,7,131.0,65.85714285714286
06568,2023,1.0545509846310297,17,350.0,39.470588235294116
06574,2023,-1.140482220669946,6,34.0,80.66666666666667
06581,2023,0.7594408982335122,14,479.0,46.714285714285715
06588,2023,0.5818641396825498,6,19.0,47.833333333333336
06595,2023,0.6675323437753936,10,182.0,45.3
06602,2023,1.7083113201252753,15,364.0,34.333333333333336
06623,2023,1.0750637248427422,20,625.0,43.05
06638,2023,1.0860835955462027,25,677.0,38.28
06644,2023,0.02785348077898412,12,220.0,52.916666666666664
06648,2023,0.09410082056432943,6,27.0,55.833333333333336
06651,2023,-2.091964185068559,2,11.0,105.5
06655,2023,-0.6852866905493747,4,11.0,76.75
06658,2023,1.1983863260123595,26,1554.0,33.76923076923077
06665,2023,-0.15739090348335702,6,111.0,63.833333333333336
06672,2023,-0.7067196849607337,5,18.0,66.8
06686,2023,-0.44496586213359657,6,36.0,54.5
06700,2023,-0.5186494196807975,4,13.0,65.75
06707,2023,-1.494021735357129,3,15.0,94.66666666666667
06728,2023,0.05637433047813681,5,11.0,67.2
06735,2023,-0.6262420179297179,6,34.0,74.66666666666667
06742,2023,-1.9207582044049527,3,15.0,90.33333333333333
06749,2023,0.5471858895638223,7,336.0,43.0
06756,2023,0.6245077446935254,16,361.0,43.625
06760,2023,1.157315863422017,17,2239.0,38.23529411764706
06763,2023,0.05781313593874466,8,368.0,62.125
06770,2023,-0.4636599137211681,2,62.0,67.5
06778,2023,-0.3027060799009008,4,42.0,68.5
06784,2023,-1.3612881576042644,4,17.0,90.75
06791,2023,1.6816796192759125,33,4771.0,26.727272727272727
06805,2023,0.7165794288385762,15,521.0,45.666666666666664
06819,2023,-0.4331618498295098,7,62.0,73.85714285714286
06826,2023,0.3628895046783122,10,123.0,53.2
06833,2023,-0.43641065785075267,8,129.0,70.875
06840,2023,0.20018824756834663,9,270.0,61.111111111111114
06854,2023,-0.8617621386128099,5,18.0,75.4
06861,2023,1.428221251923894,17,442.0,37.529411764705884
06868,2023,0.10396794402892645,6,96.0,49.5
06882,2023,0.448746956769784,11,48.0,47.63636363636363
10021,2023,-1.5053172123252243,3,20.0,98.33333333333333
10049,2023,0.18853518076034328,9,1028.0,52.44444444444444
10105,2023,-0.35003093762624515,4,24.0,71.75
14007,2023,0.15819407165710975,7,87.0,57.42857142857143
14014,2023,1.797850327559843,43,27223.0,25.837209302325583
14021,2023,0.440843553385295,17,757.0,47.470588235294116
14028,2023,-0.12844067654027844,9,149.0,57.22222222222222
14035,2023,-0.583737077456982,4,24.0,80.0
14042,2023,0.47219352728581787,17,914.0,47.1764705882353
14049,2023,-2.1089074005207045,2,10.0,111.0
14056,2023,-1.9708669898200917,3,114.0,111.33333333333333
14063,2023,0.16056169203311826,11,147.0,47.36363636363637
14084,2023,-0.2867924731590365,5,14.0,69.0
14091,2023,1.257026415802015,22,878.0,34.77272727272727
14098,2023,1.7535177110669333,30,1750.0,28.033333333333335
14119,2023,0.17343459213440848,10,64.0,56.1
14126,2023,-0.5288428050825574,5,58.0,66.0
14140,2023,0.3779102922557761,17,870.0,46.23529411764706
14147,2023,0.11934256998705042,12,258.0,54.5
14161,2023,0.8474502363987282,15,287.0,46.86666666666667
14182,2023,0.7205486809805774,19,234.0,43.21052631578947
18007,2023,1.5742386840242477,10,124.0,31.2
18021,2023,0.4356719393921423,19,3587.0,42.94736842105263
18084,2023,-1.1068736868474738,5,38.0,69.8
22021,2023,-0.4843876184992575,8,191.0,69.125
22098,2023,-0.25364115102831886,6,26.0,62.0
22105,2023,-1.3597036557608289,4,19.0,91.25
22140,2023,1.2702658735498122,25,2736.0,34.36
22168,2023,-0.30055804811180953,5,43.0,76.6
26007,2023,1.8189783094804879,15,342.0,31.0
26021,2023,0.6367395263430327,16,229.0,47.5625
26035,2023,-0.7556477182330725,8,185.0,72.625
26042,2023,0.10058113740795863,5,20.0,63.0
26077,2023,1.189181780005264,29,974.0,34.62068965517241
30008,2023,0.8909938121677617,11,169.0,44.81818181818182
30015,2023,1.484999568788676,23,701.0,31.82608695652174
30021,2023,0.13014497546653964,7,44.0,58.0
30028,2023,-0.24274508406005393,6,44.0,67.16666666666667
30049,2023,0.3711726314172096,9,77.0,52.666666666666664
30056,2023,0.7775107524823188,15,270.0,43.86666666666667
30077,2023,-0.8595802839673682,5,16.0,80.0
30084,2023,1.3359265018027278,22,1892.0,33.90909090909091
30088,2023,-0.4142670344215983,7,61.0,72.57142857142857
30091,2023,0.06701940321608085,6,28.0,55.5
30098,2023,1.6204044530074169,20,811.0,30.85
30105,2023,-0.48509470454893294,6,43.0,71.5
30113,2023,-1.9207582044049527,3,17.0,90.33333333333333
34014,2023,0.4759573328579631,14,2024.0,44.714285714285715
38021,2023,0.2869213154306784,17,3106.0,47.411764705882355
38035,2023,-1.3093591312042345,4,69.0,92.5
38042,2023,-0.4697621041452344,6,30.0,73.33333333333333
50007,2023,1.7070758351249447,29,9065.0,27.96551724137931
50014,2023,-0.6203700881695485,5,52.0,70.8
50021,2023,-0.16983760561774247,8,292.0,57.5
50028,2023,0.3290979964274844,4,28.0,48.75
50056,2023,-0.7852404873674078,3,10.0,66.0
50070,2023,-0.9120458675149336,2,58.0,89.5
50105,2023,1.4243053092208346,18,974.0,36.27777777777778
50119,2023,-1.162390363066826,5,15.0,72.0
54007,2023,0.6020620515250035,8,63.0,40.5
54028,2023,0.8673763682990893,22,2561.0,40.77272727272727
54042,2023,0.6912974920161284,13,85.0,50.30769230769231
54063,2023,0.4569421336981394,15,63.0,44.2
54070,2023,-0.46348363826247896,5,8.0,67.8
54077,2023,-0.49102899457928173,5,76.0,76.0
54084,2023,-1.932053681373049,3,41.0,94.0
54091,2023,-0.9429053939825102,8,151.0,72.125
54098,2023,-0.27907141808170133,10,99.0,62.0
58035,2023,1.2999711468821002,22,1233.0,36.31818181818182
58042,2023,-0.5368013467433027,3,10.0,73.0
58056,2023,1.1050161045398927,10,47.0,41.1
58070,2023,-0.3124333146855426,5,10.0,75.0
58112,2023,-1.265717958409882,5,21.0,81.6
62021,2023,2.1189382733549547,31,1701.0,25.451612903225808
62042,2023,1.703009245176243,23,551.0,31.782608695652176
66028,2023,0.5163387356000505,17,3854.0,45.1764705882353
66049,2023,-0.39439024312677456,5,11.0,75.8
66056,2023,-1.1960324949689902,4,19.0,89.75
66077,2023,-1.1988804675277709,3,19.0,89.33333333333333
70028,2023,-1.0723649310383288,5,44.0,85.0
74056,2023,1.3762159002540386,22,811.0,35.09090909090909
78021,2023,-2.1089074005207045,2,10.0,111.0
82007,2023,0.028661857537614226,5,11.0,70.6
82014,2023,0.9806032340169335,10,160.0,40.7
82021,2023,1.135929427697772,21,1203.0,33.523809523809526
82028,2023,-0.8198997279442773,6,28.0,77.5
82042,2023,0.26806856636906173,13,196.0,52.84615384615385
82049,2023,0.6817596506470862,14,245.0,42.214285714285715
82063,2023,2.3003865964032357,26,13655.0,22.76923076923077
82070,2023,0.010971868359585987,8,155.0,53.0
82077,2023,0.1382695033338289,5,23.0,64.8
82084,2023,1.6991114161549663,33,9344.0,23.666666666666668
82105,2023,-1.728672599323157,1,20.0,123.0
82112,2023,-0.15980541273995424,5,25.0,65.8
82119,2023,-0.4470534024358248,8,40.0,65.5
86049,2023,0.5537323360802638,5,54.0,45.2
90021,2023,-1.451137999418549,5,150.0,88.0
90070,2023,-1.0323924411116927,5,13.0,83.0
90084,2023,1.0621936376848542,17,4012.0,39.588235294117645
90105,2023,1.0346085800148046,2,23.0,42.5
90119,2023,-1.4279877597671842,5,69.0,95.0
94015,2023,1.5836066298426459,20,1236.0,30.2
02000,2024,1.163223878234604,28,10944.0,36.32142857142857
06021,2024,-1.4839085088700517,4,22.0,85.25
06028,2024,0.07168018457477704,11,386.0,53.90909090909091
06035,2024,0.9150544537685753,21,1237.0,44.76190476190476
06049,2024,0.14645941039571925,11,196.0,57.90909090909091
06056,2024,1.6314741081235467,32,2074.0,29.90625
06063,2024,0.4852080802952676,7,89.0,54.42857142857143
06070,2024,-0.17840335966749085,6,180.0,59.166666666666664
06077,2024,-0.9514539336755042,5,49.0,81.0
06084,2024,-2.0225673519087914,2,48.0,90.5
06091,2024,0.5761422580356572,17,521.0,46.705882352941174
06098,2024,0.8074590802950634,9,93.0,43.0
06105,2024,-0.5883407038992347,9,113.0,67.44444444444444
06112,2024,-1.9100767224640265,3,77.0,113.66666666666667
06119,2024,-0.026261478094280626,8,26.0,65.875
06126,2024,0.8755618787067196,21,358.0,41.38095238095238
06147,2024,0.09917977321278126,9,87.0,51.77777777777778
06161,2024,-0.03559993728775879,8,54.0,57.5
06175,2024,-0.9141008551323518,3,11.0,88.33333333333333
06182,2024,-0.40419397335522106,5,168.0,73.4
06189,2024,-1.7067955105544323,3,27.0,102.66666666666667
06203,2024,-0.8933809563471047,5,39.0,84.0
06210,2024,-0.3218369259936506,9,28.0,60.111111111111114
06224,2024,-0.12294977981998798,8,211.0,64.125
06231,2024,-1.2383252513156113,3,15.0,91.33333333333333
06238,2024,-0.3549263203053607,5,38.0,75.4
06245,2024,-0.10229397392461459,9,98.0,66.22222222222223
06252,2024,0.1336724612882396,13,189.0,49.53846153846154
06260,2024,-0.24743765251325045,11,408.0,62.63636363636363
06270,2024,-0.2946434923457453,9,118.0,70.11111111111111
06274,2024,0.8642287752305847,12,348.0,43.916666666666664
06277,2024,-0.9473214938304365,3,19.0,82.33333333333333
06280,2024,0.2912565191037552,8,129.0,53.75
06301,2024,-1.6383999825538458,3,10.0,102.33333333333333
06315,2024,-0.05771112965746752,6,29.0,64.16666666666667
06322,2024,-2.056808591117194,2,26.0,113.5
06357,2024,1.175252465334419,25,11361.0,35.2
06364,2024,0.2635470485304251,13,133.0,54.07692307692308
06371,2024,0.17166241965550622,13,398.0,56.0
06385,2024,-1.015164013604458,5,17.0,77.8
06392,2024,-1.6595825135603497,5,14.0,96.8
06399,2024,0.38655658603492504,7,26.0,53.42857142857143
06408,2024,0.6935372643230073,16,665.0,47.25
06410,2024,-0.08024185177634904,8,131.0,55.625
06412,2024,-0.004752721327821504,9,84.0,63.333333333333336
06413,2024,0.7582875513459414,12,315.0,50.833333333333336
06420,2024,-0.7099266664515544,4,48.0,71.0
06427,2024,0.9726037141617089,21,655.0,41.42857142857143
06434,2024,0.7610664057295954,15,390.0,46.4
06441,2024,2.1495187863438456,33,11750.0,25.303030303030305
06455,2024,-1.5040985143464605,3,45.0,85.0
06462,2024,-1.2888482945745035,4,10.0,85.75
06469,2024,-0.7242531501223604,3,17.0,66.66666666666667
06483,2024,-0.9428793758569627,5,63.0,72.6
06490,2024,0.995152994049159,20,1069.0,40.35
06497,2024,1.0490633909688278,16,181.0,40.0625
06505,2024,-1.3723566780207752,5,13.0,96.6
06511,2024,-1.185248626021393,5,23.0,85.0
06515,2024,0.2982212737921222,11,282.0,50.36363636363637
06518,2024,-0.8518962150313988,6,66.0,79.83333333333333
06525,2024,0.22928772265124048,7,17.0,64.57142857142857
06532,2024,-1.0719691299842746,6,235.0,76.83333333333333
06539,2024,1.3211366104330156,17,396.0,28.88235294117647
06547,2024,-0.26520888956546484,11,321.0,65.18181818181819
06553,2024,-0.6973025189739948,6,18.0,75.16666666666667
06560,2024,-0.10937215800164084,10,186.0,59.4
06568,2024,1.077651058079796,20,426.0,41.05
06574,2024,-1.0188084970323612,7,40.0,79.71428571428571
06581,2024,0.42412926997635203,16,599.0,49.3125
06588,2024,0.7350285944583621,7,21.0,47.142857142857146
06595,2024,0.6375310274136878,13,280.0,43.84615384615385
06602,2024,1.667651247969077,18,425.0,36.22222222222222
06623,2024,1.4961990989312839,24,701.0,39.833333333333336
06638,2024,0.9120971870941829,26,867.0,43.23076923076923
06644,2024,-0.0757104285596411,12,272.0,57.666666666666664
06648,2024,-0.14870281355218634,6,30.0,60.666666666666664
06651,2024,-0.7455426523095375,5,25.0,75.6
06655,2024,-0.6463308088925603,4,11.0,78.75
06658,2024,1.4874452152988138,25,1885.0,32.84
06665,2024,-0.3439017824407614,7,134.0,69.0
06672,2024,-0.8597985111698161,6,19.0,71.83333333333333
06686,2024,-0.5635723443709478,6,41.0,60.166666666666664
06700,2024,-0.7214558564228648,4,14.0,66.5
06707,2024,-1.5322271320492693,4,20.0,92.25
06728,2024,-0.004625889726962706,5,14.0,68.6
06735,2024,-0.8004000195724864,6,36.0,78.33333333333333
06742,2024,-1.8872492296584253,3,16.0,98.33333333333333
06749,2024,0.48454148745009046,8,417.0,46.625
06756,2024,0.971417766761153,20,460.0,41.35
06760,2024,1.2269337471675428,17,2821.0,41.529411764705884
06763,2024,-0.16706535386965088,10,446.0,64.1
06770,2024,-0.039626134660620725,6,102.0,65.16666666666667
06778,2024,-0.33099037504192996,4,43.0,72.75
06784,2024,-0.9045374971078595,6,20.0,75.66666666666667
06791,2024,1.7492473326370714,30,5762.0,29.633333333333333
06805,2024,0.9530682320805384,17,607.0,43.88235294117647
06819,2024,-0.3425996438581949,7,68.0,68.14285714285714
06826,2024,0.28725941922470716,11,141.0,56.0
06833,2024,-0.6378964696773486,9,170.0,74.11111111111111
06840,2024,-0.21505688630275846,9,320.0,66.77777777777777
06854,2024,-0.981169714240372,5,20.0,79.2
06861,2024,1.3873408256271809,18,515.0,41.77777777777778
06868,2024,0.5447445487100865,7,121.0,52.142857142857146
06882,2024,0.2434608725717567,10,66.0,54.8
10021,2024,-0.9395568929311258,4,25.0,81.25
10049,2024,0.9718608769415928,13,1247.0,41.38461538461539
10105,2024,-0.3065753216972859,4,32.0,75.25
14007,2024,-0.021144035387723616,10,112.0,58.5
14014,2024,1.908193130546071,46,32187.0,26.97826086956522
14021,2024,0.4583221562104116,21,871.0,48.285714285714285
14028,2024,-0.23844206448583669,10,231.0,60.4
14035,2024,-0.8610864363225514,3,24.0,85.33333333333333
14042,2024,0.3557487783640217,16,1242.0,50.25
14049,2024,-1.4792413323488678,3,19.0,99.33333333333333
14056,2024,-1.1506600091714834,5,166.0,90.0
14063,2024,0.03873940911688831,10,174.0,52.6
14084,2024,-0.5560465185177346,5,18.0,74.0
14091,2024,1.0837804636998554,25,1090.0,41.28
14098,2024,1.743947099389013,31,2097.0,30.29032258064516
14119,2024,0.06799016756201302,9,101.0,61.0
14126,2024,-0.23249447645373736,8,79.0,63.875
14140,2024,0.27094078837889746,17,1074.0,50.88235294117647
14147,2024,0.8004020365544936,11,329.0,47.18181818181818
14161,2024,0.8694910209245729,16,327.0,49.1875
14182,2024,0.7444011413552927,20,290.0,46.5
18007,2024,1.5565574410092662,11,133.0,36.0
18021,2024,0.8581535250156055,23,4591.0,41.0
18084,2024,-0.9557807271336015,6,46.0,72.5
18168,2024,-0.4671608392218014,1,13.0,74.0
22021,2024,-0.669411307526487,8,231.0,72.5
22098,2024,-0.31430538383885365,7,28.0,61.714285714285715
22105,2024,-1.392933182010686,5,38.0,93.8
22140,2024,1.1886258719205873,20,3284.0,40.2
22168,2024,-0.3722996946437281,5,47.0,79.0
26007,2024,1.889684957268456,15,432.0,32.46666666666667
26021,2024,0.37355461808569373,15,282.0,52.8
26035,2024,-0.6410511347471111,10,213.0,71.5
26042,2024,0.24244095434112964,7,50.0,60.42857142857143
26077,2024,1.1825727862954756,29,1141.0,37.41379310344828
30008,2024,1.0557951226986535,15,191.0,42.86666666666667
30015,2024,1.3997567519164045,25,930.0,33.76
30021,2024,-0.10335081002321161,6,54.0,61.833333333333336
30028,2024,0.33587027279343146,8,49.0,57.875
30049,2024,0.19267204573716903,9,77.0,59.22222222222222
30056,2024,0.6238660676817033,19,368.0,42.526315789473685
30077,2024,-0.8805323831779557,7,32.0,79.85714285714286
30084,2024,1.5020781773792031,24,2342.0,34.458333333333336
30088,2024,-0.5981666242852779,8,69.0,75.0
30091,2024,-0.38617820824285715,7,28.0,64.0
30098,2024,1.6305495308817257,21,1034.0,33.666666666666664
30105,2024,-0.42255864569254575,7,52.0,70.28571428571429
30113,2024,-1.8872492296584253,3,21.0,98.33333333333333
34014,2024,0.8021619639780676,15,3062.0,39.266666666666666
38021,2024,0.4712026114548927,18,4002.0,49.833333333333336
38035,2024,-1.0958773580296046,5,75.0,84.0
38042,2024,-0.8612152950867908,7,46.0,80.28571428571429
50007,2024,1.8254697165482245,31,11105.0,30.29032258064516
50014,2024,-0.5050384205416272,7,73.0,68.42857142857143
50021,2024,-0.2072867234947756,8,353.0,61.125
50028,2024,-0.1795971882358129,4,33.0,68.25
50056,2024,-0.8456158756133154,3,10.0,73.33333333333333
50070,2024,-0.9141008551323518,3,104.0,88.33333333333333
50105,2024,1.2325910834458293,20,1278.0,42.75
50119,2024,-1.083656440513661,5,15.0,77.2
54007,2024,0.7209154719723607,13,80.0,42.38461538461539
54028,2024,1.0021354490290149,20,3288.0,42.2
54042,2024,0.9483207071747668,13,105.0,41.61538461538461
54063,2024,0.3635307224737862,17,96.0,46.76470588235294
54070,2024,-0.5149904543493866,7,11.0,64.42857142857143
54077,2024,-0.5030995450510729,6,79.0,75.5
54084,2024,-1.9437542387595965,3,41.0,100.33333333333333
54091,2024,-0.05194698418985968,12,192.0,54.75
54098,2024,-0.4908926154808897,11,114.0,69.45454545454545
54119,2024,-0.29885439308510636,3,11.0,68.0
58035,2024,1.2737889969391916,22,1505.0,38.45454545454545
58042,2024,-0.8870963592383619,4,11.0,76.25
58056,2024,0.7009777295714206,11,48.0,49.0
58070,2024,-0.41620931231670977,5,10.0,76.0
58112,2024,-1.0710768502473,6,22.0,81.66666666666667
62021,2024,2.2085231426537413,32,1970.0,27.1875
62042,2024,1.6723098590545653,23,675.0,34.69565217391305
66021,2024,-2.056808591117194,2,13.0,113.5
66028,2024,1.0266087893445355,20,4713.0,40.6
66049,2024,-0.5870673163777953,4,13.0,79.5
66056,2024,-1.1510595833375148,3,22.0,86.0
66077,2024,-1.2948302604167845,3,22.0,93.33333333333333
66140,2024,-0.6282940411032533,4,23.0,79.5
70028,2024,-0.675343030714084,7,68.0,65.71428571428571
70035,2024,-0.4671608392218014,1,10.0,74.0
74056,2024,1.32198142211725,23,975.0,37.130434782608695
78021,2024,-2.056808591117194,2,10.0,113.5
82007,2024,-0.06937072597439294,5,15.0,71.0
82014,2024,1.1940380682242766,11,209.0,38.18181818181818
82021,2024,1.1663034770726104,21,1497.0,36.57142857142857
82028,2024,-0.6805794237122477,7,36.0,74.42857142857143
82042,2024,0.6971951555531481,11,292.0,47.18181818181818
82049,2024,0.7621912045871261,19,357.0,41.1578947368421
82063,2024,2.2747357170458926,34,16146.0,25.38235294117647
82070,2024,0.4107611196551005,11,218.0,45.0
82077,2024,0.4203828190215909,6,24.0,61.666666666666664
82084,2024,1.9080236146400267,40,10915.0,24.575
82105,2024,-1.9100767224640265,3,35.0,113.66666666666667
82112,2024,-0.2307378710699427,5,41.0,67.6
82119,2024,-0.5663814381510063,8,52.0,69.375
86049,2024,0.43528274638922054,4,59.0,46.75
90021,2024,-1.5443524095882784,5,162.0,92.2
90070,2024,-1.1450472298757022,5,15.0,86.4
90084,2024,1.2727528039043188,19,4922.0,39.94736842105263
90105,2024,0.8620024593551149,2,23.0,49.0
90119,2024,-0.8665925916409644,7,81.0,85.14285714285714
94015,2024,1.7337280057926026,19,1405.0,30.736842105263158
02000,2025,0.8737796374117177,28,12649.0,40.32142857142857
06021,2025,-1.1388309732120803,5,42.0,84.0
06028,2025,0.3502772625562827,15,484.0,48.53333333333333
06035,2025,0.7943662331766783,25,1456.0,45.16
06049,2025,0.2799855092974417,13,221.0,58.23076923076923
06056,2025,1.5667537715950832,26,2513.0,31.153846153846153
06063,2025,0.90584290655252,7,112.0,51.42857142857143
06070,2025,-0.18355272006549855,6,210.0,64.5
06077,2025,-0.9747771877508912,5,51.0,87.8
06084,2025,-2.1012812266724623,2,49.0,94.5
06091,2025,0.5231543788575861,17,611.0,49.588235294117645
06098,2025,0.3536902754522703,8,115.0,55.75
06105,2025,-0.4965641642936434,8,124.0,73.375
06112,2025,-1.9718948919940802,3,80.0,121.33333333333333
06119,2025,-0.17172093836640762,9,33.0,72.22222222222223
06126,2025,0.8886235390812411,22,403.0,43.45454545454545
06147,2025,0.056985462128234216,9,94.0,55.111111111111114
06161,2025,-0.0397782937731455,8,58.0,62.0
06175,2025,-0.13730701533548562,4,15.0,75.5
06182,2025,-0.06119428288407291,9,209.0,61.0
06189,2025,-1.7637930748128552,3,32.0,111.0
06196,2025,-0.650709932550179,8,14.0,72.25
06203,2025,-0.94152298406796,5,45.0,88.0
06210,2025,-0.3508063416210525,9,34.0,63.44444444444444
06224,2025,-0.056605727769386376,10,283.0,64.4
06231,2025,-0.797111317079929,4,22.0,83.25
06238,2025,-0.5991502072750138,4,48.0,88.5
06245,2025,-0.24536498504931858,9,116.0,70.55555555555556
06252,2025,0.08051619721883692,14,228.0,53.5
06260,2025,-0.26559024462912917,11,445.0,66.54545454545455
06270,2025,-0.3354632553640565,11,148.0,69.81818181818181
06274,2025,0.9344610108854688,13,396.0,45.30769230769231
06277,2025,-1.0537244447449803,3,20.0,88.33333333333333
06280,2025,0.2139053137405204,8,149.0,56.625
06301,2025,-1.3879148663632281,3,15.0,98.0
06315,2025,-0.29270130563808805,7,29.0,76.71428571428571
06322,2025,-2.143296302453855,2,26.0,120.0
06357,2025,1.110172857388596,27,13286.0,40.0
06364,2025,0.36883724549220304,15,140.0,57.0
06371,2025,0.1259932734706006,11,442.0,59.72727272727273
06385,2025,-1.004138507805214,5,22.0,83.2
06392,2025,-1.7168320118871696,5,16.0,103.6
06399,2025,0.3559029065539496,7,26.0,57.0
06408,2025,0.7834858121048512,15,735.0,46.0
06410,2025,-0.3163974599514147,10,149.0,63.8
06412,2025,-0.09006571080968485,9,92.0,67.55555555555556
06413,2025,0.6765646020817396,13,378.0,56.30769230769231
06420,2025,-0.3611213814184233,7,69.0,69.71428571428571
06427,2025,0.7927393484296297,22,787.0,44.04545454545455
06434,2025,0.9201745593054659,16,459.0,47.125
06441,2025,1.9678703917385274,39,13838.0,28.0
06455,2025,-0.6721233130547015,5,63.0,75.8
06462,2025,-1.5138780119723372,3,17.0,94.66666666666667
06469,2025,-0.5849838412828641,3,18.0,72.33333333333333
06483,2025,-0.6917293215975315,8,71.0,78.125
06490,2025,0.9374538875788918,22,1239.0,42.09090909090909
06497,2025,0.9942715715077429,17,230.0,41.76470588235294
06505,2025,-1.0692996004377249,3,23.0,85.33333333333333
06511,2025,-1.1713303397456587,5,24.0,91.4
06515,2025,0.5069796831191192,13,325.0,46.46153846153846
06518,2025,-0.9977727711984259,8,70.0,83.0
06525,2025,0.18116457823881904,7,17.0,68.42857142857143
06532,2025,-0.8127148090449976,8,300.0,77.125
06539,2025,1.2228742564514645,16,449.0,31.75
06547,2025,-0.34372760062688623,11,347.0,68.81818181818181
06553,2025,-0.15707063185684295,7,34.0,67.85714285714286
06560,2025,0.09772422818040745,12,223.0,62.75
06568,2025,0.9040484681880188,22,513.0,44.81818181818182
06574,2025,-0.9899403228605276,7,41.0,85.42857142857143
06581,2025,0.2517118508856021,15,701.0,55.46666666666667
06588,2025,0.7133359646312065,7,24.0,50.42857142857143
06595,2025,0.6795591901328869,15,338.0,44.53333333333333
06602,2025,1.6967472784536364,23,474.0,36.30434782608695
06623,2025,1.4844465303331829,24,787.0,42.125
06638,2025,0.8450680108714916,25,1068.0,46.72
06644,2025,0.34838846585960126,15,322.0,54.266666666666666
06648,2025,-0.10376322046587583,5,40.0,64.0
06651,2025,-0.7892820162673152,5,26.0,79.8
06655,2025,-0.7901115552703396,4,11.0,83.75
06658,2025,1.5049066482093807,27,2186.0,34.074074074074076
06665,2025,-0.24906077591327333,8,174.0,70.125
06672,2025,-0.34352677182169833,8,25.0,68.25
06686,2025,-0.25978084483720026,6,52.0,67.16666666666667
06693,2025,0.49559186188410215,6,18.0,61.166666666666664
06700,2025,-0.21362429008648806,3,17.0,52.333333333333336
06707,2025,-0.6647830938268089,6,26.0,76.66666666666667
06714,2025,-1.0716283497208026,4,14.0,105.0
06728,2025,-0.14393145508601957,5,15.0,75.0
06735,2025,-0.7637074863889312,6,36.0,82.5
06742,2025,-1.9438848414731513,3,16.0,104.33333333333333
06749,2025,0.5905137168739033,11,500.0,46.54545454545455
06756,2025,0.8579247886663091,23,545.0,44.130434782608695
06760,2025,1.2494384347282672,17,3272.0,41.64705882352941
06763,2025,0.39399246158124673,14,528.0,55.07142857142857
06770,2025,-0.20516355263372635,8,121.0,67.375
06778,2025,-0.58295397012186,5,51.0,87.4
06784,2025,-0.9797452881912897,6,21.0,80.66666666666667
06791,2025,1.664570284037333,30,6592.0,32.93333333333333
06798,2025,-1.698757889633806,4,13.0,109.75
06805,2025,0.7195655352063934,17,764.0,45.470588235294116
06819,2025,0.27184312860637605,9,71.0,58.0
06826,2025,0.09437832169097775,10,178.0,63.7
06833,2025,-0.04549223116549774,10,199.0,62.0
06840,2025,0.18415302945508996,14,383.0,55.857142857142854
06854,2025,-0.45386863046659986,6,23.0,72.83333333333333
06861,2025,1.373791297541053,17,589.0,43.470588235294116
06868,2025,0.5119012266555315,9,142.0,49.0
06882,2025,0.18136986925055035,9,93.0,51.55555555555556
10021,2025,-0.4581389113986072,5,26.0,75.0
10049,2025,1.138774887033263,16,1540.0,38.75
10105,2025,-0.45318357760199074,5,42.0,80.0
14007,2025,0.4354195705671896,11,145.0,53.36363636363637
14014,2025,2.1512648725416863,46,36288.0,24.82608695652174
14021,2025,0.5578435004465332,21,1012.0,50.42857142857143
14028,2025,-0.04538823791648856,12,329.0,63.0
14035,2025,-0.9422701472597731,5,30.0,94.6
14042,2025,0.772673909657904,18,1519.0,47.0
14049,2025,-0.6077598170169877,3,32.0,81.0
14056,2025,-0.643534292569434,8,208.0,75.125
14063,2025,0.4057818952099946,11,201.0,48.36363636363637
14084,2025,-0.09841938793663045,7,24.0,69.28571428571429
14091,2025,1.283578289771918,26,1285.0,40.11538461538461
14098,2025,1.5487304476297818,31,2583.0,33.61290322580645
14119,2025,0.2317181425272669,10,136.0,59.0
14126,2025,-0.2989487150826446,9,107.0,69.66666666666667
14140,2025,0.21432714686090876,17,1406.0,53.588235294117645
14147,2025,0.7685475358936772,17,418.0,47.0
14161,2025,0.9316188547640816,18,388.0,48.333333333333336
14182,2025,1.0379519985718133,20,313.0,46.45
18007,2025,1.466937440681612,11,141.0,37.63636363636363
18021,2025,1.1694230656920495,27,5508.0,39.48148148148148
18084,2025,-0.939330372375775,6,50.0,76.83333333333333
18168,2025,0.21365468207486374,3,20.0,61.0
22021,2025,-0.8043275877715701,9,260.0,83.11111111111111
22098,2025,-0.3426155986574232,5,39.0,60.6
22105,2025,-1.4766562867888016,5,45.0,99.6
22140,2025,1.3461367519700298,21,3800.0,42.23809523809524
22168,2025,-0.25037913010681123,5,47.0,86.4
26007,2025,2.3849979592224746,13,575.0,26.46153846153846
26021,2025,0.4672000650929638,17,354.0,56.588235294117645
26035,2025,-0.8630623955771256,9,264.0,81.77777777777777
26042,2025,0.13945842740731618,8,87.0,61.25
26077,2025,1.2068499692804873,30,1335.0,38.833333333333336
30008,2025,0.8423247192589541,16,211.0,45.5625
30015,2025,1.3929515874746876,28,1082.0,35.464285714285715
30021,2025,0.1667708795808408,9,61.0,60.77777777777778
30028,2025,0.20819487959120894,11,60.0,61.18181818181818
30049,2025,0.4373043351534065,10,79.0,58.4
30056,2025,0.531141677225553,19,442.0,48.421052631578945
30077,2025,-0.4740965392292487,6,42.0,78.33333333333333
30084,2025,1.6212554647356692,27,2845.0,33.74074074074074
30088,2025,-0.6443709253111091,8,77.0,81.375
30091,2025,-0.1096995581442196,7,32.0,61.0
30098,2025,1.6684985591501944,22,1192.0,33.63636363636363
30105,2025,-0.7739179690045717,7,62.0,86.57142857142857
30113,2025,-1.9438848414731513,3,21.0,104.33333333333333
34014,2025,0.6673136942902804,17,4129.0,42.529411764705884
38021,2025,0.6234792461897445,17,4889.0,50.05882352941177
38035,2025,-1.1793740949969476,5,80.0,90.4
38042,2025,-0.7161316269913067,7,58.0,85.0
38094,2025,0.17652846536628503,4,13.0,71.0
46014,2025,-1.1438969081777313,2,10.0,101.5
50007,2025,1.8191478077144436,35,12790.0,30.942857142857143
50014,2025,-0.6141503465972753,9,87.0,71.22222222222223
50021,2025,0.04958571191931734,9,444.0,60.111111111111114
50028,2025,-0.23645944255161105,6,52.0,71.16666666666667
50056,2025,-0.772872899427204,3,10.0,77.0
50070,2025,-1.4417770843794835,3,127.0,105.0
50105,2025,1.3606135907580938,22,1501.0,43.59090909090909
50119,2025,-0.7314881965253227,7,17.0,75.14285714285714
54007,2025,0.9047235519090006,19,119.0,44.421052631578945
54014,2025,-2.025240368602778,3,21.0,106.33333333333333
54028,2025,0.914351253705933,24,4061.0,43.25
54042,2025,0.8036812636222349,14,130.0,46.214285714285715
54063,2025,0.5067729417927334,18,108.0,49.5
54070,2025,-0.3515282113291346,9,19.0,66.77777777777777
54077,2025,-0.5261421806852169,5,91.0,80.0
54084,2025,-2.025240368602778,3,42.0,106.33333333333333
54091,2025,0.049880147816584154,14,242.0,58.857142857142854
54098,2025,-0.4652023041458374,10,126.0,69.8
54119,2025,-0.09412934621520443,3,12.0,74.33333333333333
58035,2025,1.0513748077215663,28,1780.0,42.714285714285715
58042,2025,-0.3053799317966557,4,16.0,69.0
58056,2025,0.7246004559859153,11,54.0,52.09090909090909
58070,2025,-0.5038834313478646,5,13.0,83.8
58112,2025,-1.2004639546416271,5,23.0,89.4
62021,2025,2.025338212662531,35,2251.0,28.228571428571428
62042,2025,1.7716920198784663,26,768.0,34.96153846153846
66021,2025,-2.143296302453855,2,13.0,120.0
66028,2025,1.0214490702682997,24,5534.0,41.416666666666664
66049,2025,-0.5171811023188556,4,13.0,85.25
66056,2025,-1.065898875929857,3,31.0,92.0
66077,2025,-1.2615726560693517,3,23.0,99.0
66140,2025,-0.4778700274300357,4,26.0,86.75
70028,2025,-0.2582200874638893,9,93.0,64.33333333333333
70035,2025,-0.4146351638920515,1,10.0,73.0
74056,2025,1.41206275609294,24,1143.0,35.666666666666664
78021,2025,-2.143296302453855,2,10.0,120.0
82007,2025,0.22276372638781106,7,23.0,69.85714285714286
82014,2025,1.2370811675630249,12,239.0,42.583333333333336
82021,2025,0.9499490710304049,23,1736.0,43.0
82028,2025,-0.7540125760403802,7,50.0,79.57142857142857
82042,2025,0.3502185465726784,13,404.0,58.46153846153846
82049,2025,0.881568340828758,21,483.0,42.523809523809526
82063,2025,2.1651115155826366,38,18026.0,25.394736842105264
82070,2025,0.47988909048245293,13,269.0,46.23076923076923
82077,2025,0.33946353108280597,6,24.0,67.33333333333333
82084,2025,1.832855348694869,43,12281.0,27.023255813953487
82091,2025,-1.2936769034686864,3,16.0,81.33333333333333
82105,2025,-1.9718948919940802,3,48.0,121.33333333333333
82112,2025,-0.4918608445151295,6,52.0,81.83333333333333
82119,2025,-0.6299035315299123,9,60.0,74.55555555555556
82133,2025,0.1935148288752884,6,13.0,60.666666666666664
86049,2025,0.3019400378112796,5,61.0,55.0
90021,2025,-1.5524498187320646,5,166.0,98.4
90049,2025,-1.751125361768971,2,10.0,127.0
90070,2025,-1.192212364183627,5,16.0,92.8
90077,2025,-1.552173019781366,4,14.0,106.25
90084,2025,1.1815768203182195,18,5796.0,40.111111111111114
90105,2025,0.39568334450972614,3,28.0,55.0
90112,2025,-2.0212630117594164,2,12.0,117.0
90119,2025,-1.060290988156566,8,97.0,88.0
94015,2025,1.9756884550255032,24,1598.0,30.0
