dpto5,Departamento,Provincia,ECI_individual,Rank_individual,ECI_bundle,Rank_bundle,Rank_change
26007,Biedma,Chubut,2.1113,1,2.3309,1,0
82063,La Capital,Santa Fe,2.1090,2,1.8118,6,-4
14014,Capital,Córdoba,2.0790,3,1.8571,4,-1
62021,Bariloche,Río Negro,2.0029,4,1.9252,2,2
06441,La Plata,Buenos Aires,1.9345,5,1.6722,8,-3
94015,Tolhuin,"Tierra del Fuego, Antártida e Islas del Atlántico Sur",1.9256,6,1.5037,10,-4
82084,Rosario,Santa Fe,1.7843,7,1.8439,5,2
50007,Capital,Mendoza,1.7761,8,1.4594,14,-6
62042,General Roca,Río Negro,1.7362,9,1.6726,7,2
06602,Patagones,Buenos Aires,1.6600,10,1.3808,17,-7
30084,Paraná,Entre Ríos,1.6480,11,1.9033,3,8
30098,Uruguay,Entre Ríos,1.6350,12,1.4069,16,-4
06791,Tandil,Buenos Aires,1.6335,13,1.5323,9,4
06056,Bahía Blanca,Buenos Aires,1.5229,14,1.4610,13,1
14098,Río Cuarto,Córdoba,1.5113,15,1.3288,19,-4
06658,Quilmes,Buenos Aires,1.5065,16,0.7384,54,-38
06623,Pergamino,Buenos Aires,1.4545,17,1.3377,18,-1
74056,Juan Martín de Pueyrredón,San Luis,1.4109,18,1.4668,12,6
30015,Concordia,Entre Ríos,1.3999,19,1.1644,27,-8
18007,Bella Vista,Corrientes,1.3889,20,1.0516,35,-15
22140,San Fernando,Chaco,1.3393,21,1.3204,20,1
50105,San Rafael,Mendoza,1.3344,22,0.7302,58,-36
06861,Vicente López,Buenos Aires,1.3026,23,1.4862,11,12
14091,Punilla,Córdoba,1.2680,24,1.1941,26,-2
82014,Caseros,Santa Fe,1.2341,25,1.1139,32,-7
06760,San Miguel,Buenos Aires,1.1989,26,0.7341,55,-29
26077,Rawson,Chubut,1.1910,27,1.2747,23,4
06539,Merlo,Buenos Aires,1.1838,28,0.8070,48,-20
18021,Capital,Corrientes,1.1406,29,0.9863,40,-11
90084,Capital,Tucumán,1.0911,30,0.5534,72,-42
06357,General Pueyrredón,Buenos Aires,1.0774,31,1.0389,36,-5
10049,Capital,Catamarca,1.0382,32,0.7327,57,-25
14182,Unión,Córdoba,1.0267,33,0.9447,43,-10
06497,Luján,Buenos Aires,1.0095,34,1.1440,30,4
58035,Confluencia,Neuquén,1.0095,35,0.9771,41,-6
06756,San Isidro,Buenos Aires,0.9774,36,0.7247,61,-25
66028,Capital,Salta,0.9648,37,0.9758,42,-5
06434,Lanús,Buenos Aires,0.9433,38,1.2786,22,16
06693,Roque Pérez,Buenos Aires,0.9365,39,-0.6334,160,-121
06274,Florencio Varela,Buenos Aires,0.9335,40,1.1494,29,11
06490,Lomas de Zamora,Buenos Aires,0.9141,41,1.0895,33,8
54007,Apóstoles,Misiones,0.9090,42,1.0277,37,5
82021,Castellanos,Santa Fe,0.9062,43,1.4145,15,28
06568,Morón,Buenos Aires,0.9049,44,1.1542,28,16
54028,Capital,Misiones,0.9043,45,0.5963,65,-20
06063,Balcarce,Buenos Aires,0.8671,46,0.2465,101,-55
06126,Campana,Buenos Aires,0.8553,47,1.2883,21,26
14161,Tercero Arriba,Córdoba,0.8513,48,0.7270,60,-12
02000,CABA,Ciudad Autónoma de Buenos Aires,0.8512,49,1.2729,24,25
14042,General San Martín,Córdoba,0.8505,50,1.0005,38,12
82049,General Obligado,Santa Fe,0.8411,51,0.3757,86,-35
06638,Pilar,Buenos Aires,0.8357,52,0.8661,45,7
30008,Colón,Entre Ríos,0.8144,53,0.3541,91,-38
06035,Avellaneda,Buenos Aires,0.7864,54,0.7533,53,1
06427,La Matanza,Buenos Aires,0.7544,55,1.2558,25,30
14147,Santa María,Córdoba,0.7206,56,0.5409,73,-17
06588,9 de Julio,Buenos Aires,0.7200,57,0.0947,122,-65
58056,Lácar,Neuquén,0.7143,58,0.5779,69,-11
06805,Tigre,Buenos Aires,0.7041,59,1.1336,31,28
06595,Olavarría,Buenos Aires,0.6889,60,0.8285,47,13
06413,Junín,Buenos Aires,0.6849,61,0.3487,92,-31
34014,Formosa,Formosa,0.6063,62,0.2326,103,-41
06408,Hurlingham,Buenos Aires,0.6014,63,0.7765,49,14
38021,Dr. Manuel Belgrano,Jujuy,0.5958,64,0.9868,39,25
54042,Eldorado,Misiones,0.5944,65,0.1878,112,-47
14021,Colón,Córdoba,0.5547,66,0.8605,46,20
30056,Gualeguaychú,Entre Ríos,0.5372,67,0.7285,59,8
06515,Malvinas Argentinas,Buenos Aires,0.5126,68,0.7660,51,17
54063,Iguazú,Misiones,0.5082,69,0.7132,62,7
06749,San Fernando,Buenos Aires,0.5036,70,0.5305,75,-5
06868,Villa Gesell,Buenos Aires,0.5034,71,1.0715,34,37
06091,Berazategui,Buenos Aires,0.5008,72,0.7330,56,16
26021,Escalante,Chubut,0.4843,73,0.3649,88,-15
82070,Las Colonias,Santa Fe,0.4840,74,0.7682,50,24
06364,General Rodríguez,Buenos Aires,0.4808,75,0.7548,52,23
14007,Calamuchita,Córdoba,0.4379,76,0.6483,64,12
90105,Tafí Viejo,Tucumán,0.4356,77,-1.2242,193,-116
30049,Gualeguay,Entre Ríos,0.4178,78,0.5785,68,10
14063,Marcos Juárez,Córdoba,0.4073,79,0.5092,77,2
14049,Ischilín,Córdoba,0.3778,80,-0.5384,156,-76
06763,San Nicolás,Buenos Aires,0.3726,81,0.2163,106,-25
82042,General López,Santa Fe,0.3627,82,-0.3329,141,-59
82077,9 de Julio,Santa Fe,0.3621,83,0.4949,79,4
06098,Berisso,Buenos Aires,0.3610,84,0.2045,108,-24
06399,Guaminí,Buenos Aires,0.3604,85,-0.3458,143,-58
06644,Pinamar,Buenos Aires,0.3413,86,0.3807,85,1
06028,Almirante Brown,Buenos Aires,0.3384,87,0.1870,113,-26
86049,Capital,Santiago del Estero,0.3339,88,-0.0492,129,-41
06049,Azul,Buenos Aires,0.3053,89,0.2223,105,-16
18168,Santo Tomé,Corrientes,0.2824,90,-0.7973,174,-84
06581,Necochea,Buenos Aires,0.2588,91,0.2277,104,-13
82007,Belgrano,Santa Fe,0.2489,92,0.5122,76,16
06819,Tornquist,Buenos Aires,0.2487,93,0.3619,89,4
14119,Río Segundo,Córdoba,0.2459,94,0.3741,87,7
82133,Vera,Santa Fe,0.2431,95,0.9108,44,51
06525,Marcos Paz,Buenos Aires,0.2219,96,0.5033,78,18
30021,Diamante,Entre Ríos,0.2174,97,-0.2057,135,-38
14140,San Justo,Córdoba,0.2146,98,0.5820,66,32
30028,Federación,Entre Ríos,0.2083,99,0.6805,63,36
50021,Godoy Cruz,Mendoza,0.2069,100,-0.7598,169,-69
38094,Tilcara,Jujuy,0.2044,101,0.5804,67,34
06840,Tres de Febrero,Buenos Aires,0.1842,102,0.5700,70,32
26042,Gaiman,Chubut,0.1643,103,0.1067,121,-18
06147,Carlos Casares,Buenos Aires,0.1643,104,-0.2830,138,-34
06280,General Alvarado,Buenos Aires,0.1629,105,0.4041,84,21
06882,Zárate,Buenos Aires,0.1277,106,0.1145,120,-14
06686,Rojas,Buenos Aires,0.1044,107,0.1883,111,-4
06119,Brandsen,Buenos Aires,0.1015,108,0.3206,95,13
06371,General San Martín,Buenos Aires,0.0905,109,0.4541,80,29
06560,Moreno,Buenos Aires,0.0830,110,0.1394,117,-7
06826,Trenque Lauquen,Buenos Aires,0.0680,111,0.1207,119,-8
06252,Escobar,Buenos Aires,0.0551,112,0.5375,74,38
54091,Oberá,Misiones,0.0509,113,0.1504,116,-3
06161,Carmen de Areco,Buenos Aires,0.0019,114,0.2048,107,7
54119,25 de Mayo,Misiones,-0.0078,115,0.1505,115,0
06224,Chivilcoy,Buenos Aires,-0.0081,116,0.5682,71,45
06182,Coronel de Marina Leonardo Rosales,Buenos Aires,-0.0155,117,0.3543,90,27
06833,Tres Arroyos,Buenos Aires,-0.0442,118,-0.4477,149,-31
14084,Presidente Roque Sáenz Peña,Córdoba,-0.0586,119,-0.2489,137,-18
06412,José C. Paz,Buenos Aires,-0.0599,120,0.2884,96,24
14028,Cruz del Eje,Córdoba,-0.0602,121,-0.1044,130,-9
06648,Presidente Perón,Buenos Aires,-0.0746,122,-0.0258,126,-4
06175,Colón,Buenos Aires,-0.0762,123,-0.1463,132,-9
30091,Tala,Entre Ríos,-0.1009,124,-0.1736,133,-9
06553,Monte Hermoso,Buenos Aires,-0.1077,125,0.1993,110,15
06070,Baradero,Buenos Aires,-0.1298,126,-0.6748,165,-39
06728,San Andrés de Giles,Buenos Aires,-0.1370,127,-0.8600,179,-52
06700,Saavedra,Buenos Aires,-0.1459,128,0.2534,98,30
22168,25 de Mayo,Chaco,-0.1833,129,-1.3835,198,-69
50028,Guaymallén,Mendoza,-0.1923,130,-0.0385,128,2
06770,San Pedro,Buenos Aires,-0.2105,131,-0.0185,125,6
06665,Ramallo,Buenos Aires,-0.2295,132,0.3466,93,39
06245,Ensenada,Buenos Aires,-0.2423,133,0.1860,114,19
70028,Capital,San Juan,-0.2623,134,-0.4309,147,-13
14126,San Alberto,Córdoba,-0.2692,135,-0.0307,127,8
06315,General Juan Madariaga,Buenos Aires,-0.2719,136,0.0197,123,13
06260,Esteban Echeverría,Buenos Aires,-0.2765,137,0.2487,100,37
06410,Ituzaingó,Buenos Aires,-0.2790,138,0.2621,97,41
54070,Leandro N. Alem,Misiones,-0.2860,139,0.2496,99,40
70035,Caucete,San Juan,-0.2885,140,-2.1284,222,-82
58042,Chos Malal,Neuquén,-0.2941,141,-0.3402,142,-1
06672,Rauch,Buenos Aires,-0.2954,142,-0.3562,144,-2
06270,Ezeiza,Buenos Aires,-0.3320,143,0.1262,118,25
06210,Chacabuco,Buenos Aires,-0.3416,144,0.2356,102,42
06547,Monte,Buenos Aires,-0.3437,145,0.3402,94,51
22098,Mayor Luis J. Fontana,Chaco,-0.3444,146,-0.4297,146,0
06420,La Costa,Buenos Aires,-0.3565,147,0.4285,83,64
30077,Nogoyá,Entre Ríos,-0.3896,148,-0.7606,170,-22
66140,Rosario de la Frontera,Salta,-0.3974,149,-0.4482,150,-1
50014,General Alvear,Mendoza,-0.4221,150,-0.7807,171,-21
66049,General Güemes,Salta,-0.4310,151,-0.7538,168,-17
06854,25 de Mayo,Buenos Aires,-0.4396,152,0.2028,109,43
06196,Coronel Pringles,Buenos Aires,-0.4412,153,-0.4672,152,1
82112,San Justo,Santa Fe,-0.4433,154,-0.7807,171,-17
10021,Andalgalá,Catamarca,-0.4459,155,-0.2928,139,16
54098,San Ignacio,Misiones,-0.4541,156,-0.6397,161,-5
10105,Tinogasta,Catamarca,-0.4592,157,-0.4605,151,6
58070,Los Lagos,Neuquén,-0.4597,158,-0.6734,164,-6
06105,Bolívar,Buenos Aires,-0.4744,159,-1.0146,186,-27
54077,Libertador General San Martín,Misiones,-0.4766,160,-0.9944,185,-25
38042,Palpalá,Jujuy,-0.4985,161,-0.3726,145,16
06469,Lincoln,Buenos Aires,-0.4987,162,0.0151,124,38
06778,San Vicente,Buenos Aires,-0.5175,163,-0.7807,171,-8
06238,Dolores,Buenos Aires,-0.5911,164,-1.8869,213,-49
82119,San Lorenzo,Santa Fe,-0.6123,165,-0.1804,134,31
30088,San Salvador,Entre Ríos,-0.6314,166,-0.5501,157,9
06483,Lobos,Buenos Aires,-0.6447,167,-0.3276,140,27
06707,Saladillo,Buenos Aires,-0.6588,168,-0.2234,136,32
14056,Juárez Celman,Córdoba,-0.6639,169,0.4329,82,87
06455,Las Flores,Buenos Aires,-0.6987,170,-1.1981,192,-22
06735,San Antonio de Areco,Buenos Aires,-0.7220,171,-0.1409,131,40
82028,Constitución,Santa Fe,-0.7293,172,-0.4372,148,24
50119,Tunuyán,Mendoza,-0.7366,173,-0.6701,163,10
26035,Futaleufú,Chubut,-0.7648,174,-0.8430,177,-3
30105,Victoria,Entre Ríos,-0.7694,175,-1.3835,198,-23
06655,Punta Indio,Buenos Aires,-0.7800,176,-1.8869,213,-37
22021,Comandante Fernández,Chaco,-0.7854,177,-0.9638,182,-5
50056,Lavalle,Mendoza,-0.7873,178,0.4369,81,97
06532,Mercedes,Buenos Aires,-0.7952,179,-0.5383,155,24
06231,Daireaux,Buenos Aires,-0.8082,180,-0.4898,153,27
06651,Puán,Buenos Aires,-0.8407,181,-1.1593,188,-7
14035,General Roca,Córdoba,-0.8509,182,-0.9827,183,-1
06203,Coronel Suárez,Buenos Aires,-0.9051,183,-0.9074,180,3
18084,Ituzaingó,Corrientes,-0.9235,184,-0.4974,154,30
06077,Arrecifes,Buenos Aires,-0.9568,185,-1.0514,187,-2
06784,Suipacha,Buenos Aires,-0.9662,186,-0.6476,162,24
06714,Salto,Buenos Aires,-0.9805,187,-0.9827,183,4
06574,Navarro,Buenos Aires,-0.9811,188,-0.5775,158,30
06518,Mar Chiquita,Buenos Aires,-1.0073,189,-0.5939,159,30
06385,General Viamonte,Buenos Aires,-1.0334,190,-1.7654,210,-20
46014,Capital,La Rioja,-1.0398,191,-1.8869,213,-22
90119,Yerba Buena,Tucumán,-1.0447,192,-1.2809,197,-5
66056,General José de San Martín,Salta,-1.0456,193,-1.2242,193,0
06505,Magdalena,Buenos Aires,-1.0602,194,-1.2242,193,1
06277,Florentino Ameghino,Buenos Aires,-1.0989,195,-0.6948,166,29
90070,Monteros,Tucumán,-1.1401,196,-1.4183,200,-4
06511,Maipú,Buenos Aires,-1.1592,197,-1.1688,191,6
06021,Alberti,Buenos Aires,-1.1651,198,-0.8099,175,23
58112,Zapala,Neuquén,-1.1902,199,-0.8378,176,23
38035,Ledesma,Jujuy,-1.2009,200,-0.7035,167,33
06301,General Belgrano,Buenos Aires,-1.3196,201,-1.1626,189,12
82091,San Cristóbal,Santa Fe,-1.3483,202,-0.9212,181,21
66077,La Caldera,Salta,-1.4026,203,-0.8490,178,25
50070,Maipú,Mendoza,-1.4414,204,-2.1284,222,-18
06462,Leandro N. Alem,Buenos Aires,-1.4650,205,-1.5839,203,2
22105,9 de Julio,Chaco,-1.4804,206,-1.1626,189,17
90077,Río Chico,Tucumán,-1.5398,207,-1.8869,213,-6
90021,Chicligasta,Tucumán,-1.5530,208,-1.2644,196,12
06798,Tapalqué,Buenos Aires,-1.6862,209,-1.8869,213,-4
06392,General Villegas,Buenos Aires,-1.7067,210,-1.5839,203,7
06189,Coronel Dorrego,Buenos Aires,-1.7154,211,-1.5839,203,8
30113,Villaguay,Entre Ríos,-1.9757,212,-1.5839,203,9
06742,San Cayetano,Buenos Aires,-1.9757,212,-1.8254,211,1
90049,La Cocha,Tucumán,-1.9765,214,-1.6454,207,7
82105,San Jerónimo,Santa Fe,-1.9765,214,-1.6454,207,7
06112,Bragado,Buenos Aires,-1.9765,214,-1.8869,213,1
54084,Montecarlo,Misiones,-2.0506,217,-1.5224,201,16
54014,Cainguás,Misiones,-2.0506,217,-1.8254,211,6
90112,Trancas,Tucumán,-2.0692,219,-1.8869,221,-2
06084,Benito Juárez,Buenos Aires,-2.1804,220,-1.5224,201,19
66021,Cafayate,Salta,-2.1815,221,-1.8869,213,8
06322,General La Madrid,Buenos Aires,-2.1815,221,-1.6454,207,14
78021,Güer Aike,Santa Cruz,-2.1815,221,-1.8869,213,8
06294,General Arenales,Buenos Aires,-2.5720,224,-2.1284,222,2
