rank,dpto5,departamento,provincia,mca_cluster_label,eci_software,eci_diversity,eci_avg_ubiquity,gh_total_developers,gh_total_repos,pob_2022,pct_nbi_2010,pct_jefe_sec_2010,pct_pc_2010,rad_2014,pob_2010,tasa_empleo_2010
1,26007,Biedma,Chubut,Metropolitan-Diversified,2.1112704546167733,14,30.214285714285715,59.0,686.0,102806.0,8.86355277675616,39.83899309386621,58.722569572146625,63.84386141371936,82883.0,76.231139
2,82063,La Capital,Santa Fe,Metropolitan-Core,2.108985958362051,38,25.57894736842105,1330.0,24818.0,568259.0,5.76081098266246,47.89836071530221,50.56530190815888,78.95734297846023,525093.0,70.882315
3,14014,Capital,Córdoba,Metropolitan-Core,2.0789941970605055,47,25.425531914893618,2411.0,50004.0,1498060.0,5.762643124588098,54.7483686874905,56.012379386679605,57.86553581384147,1329604.0,73.555129
4,62021,Bariloche,Río Negro,Metropolitan-Diversified,2.002863788721023,34,28.764705882352942,344.0,3093.0,161443.0,10.984848484848484,47.610539355822375,58.24757004002287,29.574946824045323,133500.0,77.176854
5,06441,La Plata,Buenos Aires,Metropolitan-Diversified,1.9344823708873045,37,28.37837837837838,1677.0,18483.0,756074.0,8.405290245037571,59.00150465630126,59.46736070632995,63.39263065174324,654324.0,76.688028
6,94015,Tolhuin,"Tierra del Fuego, Antártida e Islas del Atlántico Sur",Metropolitan-Diversified,1.9256302964825804,24,30.333333333333332,200.0,2136.0,86036.0,13.137187820732125,57.97696430607823,75.17960998973658,34.432224526030346,56956.0,82.060991
7,82084,Rosario,Santa Fe,Metropolitan-Core,1.784252080740993,43,27.11627906976744,1756.0,25257.0,1337958.0,6.561996061477633,47.8229855833777,52.905870334468695,71.24996444177607,1193605.0,73.901965
8,50007,Capital,Mendoza,Metropolitan-Core,1.776075460658003,35,31.02857142857143,836.0,16642.0,123715.0,4.440923957481602,68.08309484873263,59.400551921504494,76.35456286518911,115041.0,74.515
9,62042,General Roca,Río Negro,Metropolitan-Diversified,1.7362444926760237,26,35.34615384615385,104.0,1257.0,379627.0,9.187090804863576,33.479830639727254,48.203312783482346,55.8925342617076,320921.0,71.508029
10,06602,Patagones,Buenos Aires,Intermediate-Urban,1.6599995984568585,23,36.43478260869565,74.0,756.0,37499.0,9.555140921143082,31.69007168810763,39.860551900225865,24.082080301664266,30207.0,72.743713
11,30084,Paraná,Entre Ríos,Metropolitan-Core,1.6479622639974592,26,32.84615384615385,338.0,3746.0,388716.0,5.122345996381986,45.667904408264306,52.65067123678949,48.3603930499174,339930.0,72.408083
12,30098,Uruguay,Entre Ríos,Metropolitan-Core,1.6350387238972675,22,33.72727272727273,135.0,1519.0,115516.0,5.8606821600712244,36.272372824118136,49.316918920578395,26.452458949588465,100728.0,73.424779
13,06791,Tandil,Buenos Aires,Metropolitan-Core,1.6334568394744358,30,33.13333333333333,861.0,8566.0,144678.0,3.723786351523578,45.58683814158267,54.220831885065465,33.71014790065493,123871.0,76.555856
14,06056,Bahía Blanca,Buenos Aires,Metropolitan-Core,1.5229483825568555,26,31.307692307692307,355.0,3273.0,334505.0,3.729756412447077,49.46555030282318,57.038028516641035,36.95434373320759,301572.0,73.043315
15,14098,Río Cuarto,Córdoba,Metropolitan-Core,1.5112811745994637,31,33.74193548387097,395.0,3608.0,277979.0,4.530280175078513,36.99028165879473,49.187665372536415,32.584896961023595,246393.0,72.389479
16,06658,Quilmes,Buenos Aires,Metropolitan-Diversified,1.506450348022411,26,33.26923076923077,228.0,2863.0,631774.0,9.20896617921066,38.21523347072441,48.141268138445035,113.22431288146836,582943.0,73.751806
17,06623,Pergamino,Buenos Aires,Metropolitan-Core,1.4545233558559194,24,42.333333333333336,122.0,1089.0,114988.0,4.328693051081454,35.33709157846295,47.417165209387946,31.779797357505643,104590.0,75.281518
18,74056,Juan Martín de Pueyrredón,San Luis,Metropolitan-Diversified,1.4109446340297944,25,35.36,185.0,1553.0,260769.0,6.837548455403952,46.332758414590415,61.91874861251046,42.037323816517095,204019.0,71.51308
19,30015,Concordia,Entre Ríos,Metropolitan-Diversified,1.399922858441183,29,35.48275862068966,185.0,1515.0,197603.0,14.822225001042057,32.935267391938645,43.109916218581965,50.12122769556256,170033.0,72.000252
20,18007,Bella Vista,Corrientes,Peripheral-Deprived,1.3889186203465198,11,37.63636363636363,14.0,184.0,44369.0,16.105059554107708,23.933625165428076,23.760561946452203,15.617670916645617,37181.0,60.81353
21,22140,San Fernando,Chaco,Metropolitan-Diversified,1.3393169087638725,21,42.476190476190474,512.0,5202.0,413764.0,11.353240152477763,39.77582138319114,42.56126338718461,54.56079613335116,390874.0,69.012199
22,50105,San Rafael,Mendoza,Metropolitan-Diversified,1.3344163886299305,22,43.86363636363637,118.0,2035.0,213204.0,7.923250164033267,31.517440726357044,39.648170807398344,26.220829579009102,188018.0,66.539079
23,06861,Vicente López,Buenos Aires,Metropolitan-Core,1.3026154902125293,17,43.588235294117645,126.0,1181.0,280541.0,2.4313599097556553,69.49217412323993,70.91734987812984,92.62596878488297,269420.0,81.794293
24,14091,Punilla,Córdoba,Pampeana-Educated,1.2679517953664858,26,40.15384615384615,172.0,1983.0,219494.0,5.664850777333357,46.53502977213907,46.56579733227155,22.31170543273127,178401.0,72.575515
25,82014,Caseros,Santa Fe,Metropolitan-Core,1.2340855319310597,12,42.833333333333336,28.0,358.0,86261.0,3.538334943293621,35.236664162283994,44.96082429966727,33.852409421165454,82100.0,73.469592
26,06760,San Miguel,Buenos Aires,Metropolitan-Diversified,1.1989270955958113,17,41.94117647058823,298.0,4117.0,327650.0,8.175921217458171,39.227554045170976,49.79225321542411,56.720079417062315,276190.0,75.809273
27,26077,Rawson,Chubut,Metropolitan-Core,1.1909962636458076,30,39.13333333333333,179.0,1803.0,144420.0,6.242260907567922,39.86694830893243,56.58824386335494,61.49459596132431,131313.0,75.802768
28,06539,Merlo,Buenos Aires,Intermediate-Urban,1.1837854965385801,16,32.0,67.0,664.0,581484.0,11.487584283354545,27.148040835116035,38.79336023179615,68.17493076404791,528494.0,72.43194
29,18021,Capital,Corrientes,Metropolitan-Diversified,1.140599500942761,27,39.666666666666664,766.0,7519.0,437446.0,11.789510583237966,49.74895095522357,44.50527357644366,78.89288880211153,358223.0,67.32269
30,90084,Capital,Tucumán,Metropolitan-Diversified,1.091052784943383,17,41.411764705882355,615.0,7476.0,587289.0,9.646911738016978,48.22514838041849,44.5342904962594,56.044347361281574,548866.0,67.421982
31,06357,General Pueyrredón,Buenos Aires,Metropolitan-Core,1.0773976311411932,27,40.18518518518518,1397.0,17212.0,660569.0,4.6688656491606055,45.997502311791564,52.39473006854343,59.96251983811281,618989.0,75.074212
32,10049,Capital,Catamarca,Metropolitan-Diversified,1.0381829970806706,17,39.94117647058823,173.0,1984.0,186466.0,8.623355615291292,51.30956062516355,47.610438423293765,60.86246571909506,159703.0,72.354992
33,14182,Unión,Córdoba,Metropolitan-Core,1.0266503741297333,20,46.7,75.0,852.0,113635.0,4.707375465112925,32.637226340534774,45.70942340419395,24.281449720886766,105727.0,72.60134
34,06497,Luján,Buenos Aires,Metropolitan-Core,1.009490016288074,17,42.1764705882353,42.0,324.0,110111.0,6.078588119542491,38.80211536096421,49.62181773459599,27.663178847286115,106273.0,77.829555
35,58035,Confluencia,Neuquén,Metropolitan-Diversified,1.0094805078049442,28,42.892857142857146,242.0,2283.0,467217.0,8.967715871566078,43.612555329164614,56.59910068151479,73.86160526137145,362673.0,72.918146
36,06756,San Isidro,Buenos Aires,Metropolitan-Core,0.9774000918830841,22,41.59090909090909,77.0,751.0,295978.0,3.656918313394299,63.15719091068067,69.22633804120848,80.23542781895654,292878.0,79.116071
37,66028,Capital,Salta,Metropolitan-Diversified,0.964803722160276,25,42.12,786.0,8144.0,624003.0,12.758394160583942,48.83649635036496,44.66131386861314,60.53966728926631,536113.0,70.916623
38,06434,Lanús,Buenos Aires,Metropolitan-Core,0.9432759314820791,16,47.25,69.0,847.0,460081.0,4.958086554273567,40.316456542374695,51.917189192079896,82.2036421170311,459263.0,75.623689
39,06693,Roque Pérez,Buenos Aires,Pampeana-Educated,0.9365181656185287,5,49.0,3.0,24.0,13901.0,4.912689173457509,22.235157159487777,41.722933643771825,11.013932246922476,12513.0,74.806309
40,06274,Florencio Varela,Buenos Aires,Intermediate-Urban,0.9335267240521855,13,45.23076923076923,64.0,542.0,488103.0,17.021257789366686,22.724179078092543,36.14708092102356,55.68799986094562,426005.0,71.039419
41,06490,Lomas de Zamora,Buenos Aires,Metropolitan-Diversified,0.9141017717826769,22,42.04545454545455,187.0,1615.0,685644.0,8.914236089047044,38.31575268475567,46.56118277520069,87.06231054138729,616279.0,75.239343
42,54007,Apóstoles,Misiones,Peripheral-Deprived,0.9089545239494636,19,44.89473684210526,18.0,219.0,50503.0,19.946348217376254,26.635514018691588,26.194184839044652,12.94452478035724,42249.0,61.464467
43,82021,Castellanos,Santa Fe,Metropolitan-Core,0.9062195669538694,23,43.08695652173913,238.0,2276.0,189464.0,5.084865629420085,33.7022630834512,47.6944837340877,47.42107531525643,178092.0,78.002612
44,06568,Morón,Buenos Aires,Metropolitan-Core,0.90485011641864,23,43.82608695652174,84.0,665.0,329517.0,3.522852706216909,52.016800434042395,59.34687844942096,77.65702667959427,321109.0,77.225327
45,54028,Capital,Misiones,Metropolitan-Diversified,0.9042695482175325,24,43.416666666666664,518.0,5684.0,391498.0,11.828823024054984,44.503865979381445,41.937285223367695,41.62661559363488,324756.0,69.926869
46,06063,Balcarce,Buenos Aires,Pampeana-Educated,0.8670710545351585,7,51.285714285714285,18.0,140.0,48516.0,6.413043478260869,30.835597826086957,42.45923913043478,24.06201091770498,43823.0,71.696154
47,06126,Campana,Buenos Aires,Metropolitan-Diversified,0.8552793550583623,21,44.666666666666664,55.0,495.0,107976.0,8.65497492084949,40.21201664828715,52.577282914161714,44.224684823265704,94461.0,73.254022
48,14161,Tercero Arriba,Córdoba,Metropolitan-Core,0.8513170349126551,19,50.578947368421055,79.0,570.0,120207.0,3.3279716013090024,33.22424981973487,50.32725054079538,29.476866953062125,109554.0,71.888997
49,02000,CABA,Ciudad Autónoma de Buenos Aires,Metropolitan-Core,0.8511857005106829,28,40.357142857142854,1359.0,16965.0,3095454.0,5.979824959526455,71.06276312151454,68.61330940568664,92.65709950714964,2890151.0,81.942461
50,14042,General San Martín,Córdoba,Metropolitan-Core,0.8505261933605822,19,45.68421052631579,219.0,2062.0,152397.0,4.642831554058895,39.655131236416615,50.57677151250269,41.27711056933187,127454.0,76.854884
51,82049,General Obligado,Santa Fe,Intermediate-Urban,0.8411040705692342,21,42.714285714285715,76.0,612.0,197533.0,11.775300686425584,29.546318717604915,35.263863595429164,26.940133644795598,176410.0,64.144146
52,06638,Pilar,Buenos Aires,Metropolitan-Diversified,0.8356716181744303,25,46.8,135.0,1410.0,393614.0,13.034800595130093,37.514968973400585,47.30195594585768,44.36795262480596,299077.0,76.31201
53,30008,Colón,Entre Ríos,Metropolitan-Core,0.8143521759324609,16,45.75,17.0,252.0,74890.0,7.609076792065321,29.810148775234182,45.37394179231578,26.685498743829527,62160.0,72.519945
54,06035,Avellaneda,Buenos Aires,Metropolitan-Core,0.7864102172070082,25,45.4,201.0,2001.0,366117.0,5.7997914125612064,44.56170122500928,54.0365204786905,96.62948297092845,342677.0,76.450538
55,06427,La Matanza,Buenos Aires,Intermediate-Urban,0.7543943268160144,22,44.13636363636363,115.0,995.0,1837168.0,11.936878878305002,29.76434753737299,41.92972289646099,75.62513521502268,1775816.0,75.142382
56,14147,Santa María,Córdoba,Metropolitan-Diversified,0.7205618616648354,17,46.94117647058823,70.0,595.0,139012.0,8.186469584991473,36.98834565093803,42.11910176236498,20.959687243351297,98188.0,68.14145
57,06588,9 de Julio,Buenos Aires,Pampeana-Educated,0.7200329441987181,7,50.857142857142854,6.0,32.0,52366.0,3.7159676232523915,32.7140053961246,47.663723325974985,14.424217149432646,47722.0,74.767992
58,58056,Lácar,Neuquén,Pampeana-Educated,0.7143373587666563,11,52.18181818181818,9.0,71.0,39567.0,8.672856362643364,47.558711086837796,58.85308574549426,15.28367836659226,29748.0,76.940185
59,06805,Tigre,Buenos Aires,Metropolitan-Diversified,0.7040965212032566,17,45.64705882352941,113.0,1005.0,446291.0,11.037417785884044,38.640173916247534,52.173953094198495,62.271090831375254,376381.0,76.689554
60,06595,Olavarría,Buenos Aires,Metropolitan-Core,0.6888784177497715,15,45.2,42.0,416.0,122011.0,3.3039468330394683,35.168859351688596,50.49776210497762,35.76093234095496,111708.0,74.035066
61,06413,Junín,Buenos Aires,Metropolitan-Core,0.6848830624922992,13,56.61538461538461,60.0,460.0,100964.0,4.192643905657265,42.945736434108525,53.122216724393866,25.856437877589993,90305.0,76.611411
62,34014,Formosa,Formosa,Metropolitan-Diversified,0.6063073851547917,17,43.0,335.0,5068.0,268572.0,15.058846074000735,41.15871672442152,37.03390236502132,65.21027759090263,234354.0,68.260404
63,06408,Hurlingham,Buenos Aires,Metropolitan-Core,0.6014376810617007,16,51.0625,95.0,1125.0,185361.0,6.848445266862596,38.001161060919415,51.380573999492036,48.15765860776126,181241.0,76.118252
64,38021,Dr. Manuel Belgrano,Jujuy,Metropolitan-Diversified,0.5958203458392622,17,50.1764705882353,448.0,6204.0,319469.0,11.080620875022868,44.992330532922416,44.03681344197239,34.72183125929995,265249.0,73.515603
65,54042,Eldorado,Misiones,Intermediate-Urban,0.5944371013689954,15,52.2,25.0,267.0,91133.0,14.522764039750404,26.11046914721516,27.575687543332563,11.461822761439048,78221.0,62.681567
66,14021,Colón,Córdoba,Metropolitan-Diversified,0.554672501310723,21,50.42857142857143,117.0,1506.0,294511.0,7.808090310442145,43.930699278770774,48.13264346190028,26.58199126706159,225151.0,72.265323
67,30056,Gualeguaychú,Entre Ríos,Metropolitan-Core,0.5371704662587636,19,48.578947368421055,80.0,592.0,125176.0,4.960570567088021,36.08083033746956,47.700916154470605,29.33113634269448,109461.0,71.253003
68,06515,Malvinas Argentinas,Buenos Aires,Intermediate-Urban,0.5125530762645645,13,46.53846153846154,34.0,451.0,349401.0,12.130336474960263,27.80451767444984,43.523472654413574,58.65020045747737,322375.0,73.984746
69,54063,Iguazú,Misiones,Intermediate-Urban,0.5081655503845867,18,49.72222222222222,22.0,170.0,99838.0,21.31277368862387,26.772570576725986,31.016491195378737,17.78382860292381,82227.0,64.689349
70,06749,San Fernando,Buenos Aires,Metropolitan-Diversified,0.5036300362291748,13,51.69230769230769,42.0,625.0,171099.0,8.583751822452616,41.52154543981857,53.39988660294832,142.47610086768182,163240.0,77.873198
71,06868,Villa Gesell,Buenos Aires,Metropolitan-Diversified,0.5033876292425022,9,49.22222222222222,17.0,175.0,37325.0,8.309234625024098,43.474069789859264,48.361287834972046,29.150913398596433,31730.0,72.788096
72,06091,Berazategui,Buenos Aires,Metropolitan-Diversified,0.5008394151205915,17,49.64705882352941,110.0,843.0,358328.0,10.436434674337727,34.224593190502766,46.7294233824224,64.88586586236188,324244.0,73.038969
73,26021,Escalante,Chubut,Metropolitan-Diversified,0.4842583946308447,17,56.76470588235294,68.0,512.0,214829.0,9.25010989010989,43.21054945054945,63.70285714285714,68.28073829450744,186583.0,74.520883
74,82070,Las Colonias,Santa Fe,Metropolitan-Core,0.48398413268455387,13,46.53846153846154,32.0,347.0,114730.0,3.484137850671483,32.338975150755964,45.21222361406473,27.98897262440063,104946.0,72.783535
75,06364,General Rodríguez,Buenos Aires,Intermediate-Urban,0.4808128530827046,16,54.9375,17.0,176.0,142315.0,13.91719489689481,29.607638610286447,37.52708015726551,35.084051038358616,87185.0,73.768598
76,14007,Calamuchita,Córdoba,Metropolitan-Diversified,0.4379301597713727,11,53.36363636363637,26.0,214.0,75462.0,7.768253029855158,37.22140112326338,41.96866686373042,8.517233577572108,54730.0,72.558561
77,90105,Tafí Viejo,Tucumán,Intermediate-Urban,0.4355524823811235,3,54.666666666666664,7.0,37.0,172877.0,13.052532580948542,32.37605804111246,35.01612253123741,30.41998461542887,121638.0,64.732532
78,30049,Gualeguay,Entre Ríos,Intermediate-Urban,0.4177578622649236,10,58.7,15.0,100.0,56796.0,7.750882189067046,30.198724695103078,37.80102767287811,29.18963303423985,51883.0,66.79287
79,14063,Marcos Juárez,Córdoba,Metropolitan-Core,0.4072880799475455,11,48.36363636363637,46.0,274.0,107286.0,3.323373548314353,31.94272184011726,49.39959409178036,27.66095676781013,104205.0,74.150057
80,14049,Ischilín,Córdoba,Intermediate-Urban,0.3777886541881903,2,67.0,11.0,58.0,36023.0,9.88092512021983,30.638882528051294,33.04327913899702,14.03063906410731,31312.0,62.076395
81,06763,San Nicolás,Buenos Aires,Metropolitan-Core,0.37259120723714784,14,55.285714285714285,81.0,759.0,166657.0,5.6047590508534775,39.91254356174114,49.07771192648332,32.15599608161326,145857.0,69.968959
82,82042,General López,Santa Fe,Metropolitan-Core,0.3626530966432183,13,58.76923076923077,72.0,625.0,200455.0,4.700529527773033,32.267031072876065,46.10307933599391,37.06476841757371,191024.0,76.208913
83,82077,9 de Julio,Santa Fe,Intermediate-Urban,0.36208497477550217,6,67.5,2.0,55.0,30942.0,15.016010978956999,22.838517840805125,26.692589204025616,27.338131637254676,29832.0,68.095671
84,06098,Berisso,Buenos Aires,Metropolitan-Diversified,0.3609858781160067,10,55.0,22.0,169.0,100685.0,11.202593901417174,40.50785092353091,47.02174942620861,59.14688305314217,88470.0,74.526086
85,06399,Guaminí,Buenos Aires,Pampeana-Educated,0.36044691347645685,7,57.57142857142857,2.0,37.0,11662.0,2.0359848484848486,26.231060606060606,43.46590909090909,15.618752530432609,11826.0,77.410754
86,06644,Pinamar,Buenos Aires,Metropolitan-Diversified,0.3413122954343949,16,54.9375,39.0,413.0,39224.0,8.117001828153565,47.37355271176112,56.92870201096892,33.707692451365446,25728.0,74.968719
87,06028,Almirante Brown,Buenos Aires,Metropolitan-Diversified,0.33840063382334573,15,48.6,65.0,649.0,583209.0,10.465975860003313,32.11231343759161,45.720057609706984,63.80409760831654,552902.0,73.455626
88,86049,Capital,Santiago del Estero,Metropolitan-Diversified,0.33390776549075496,5,55.6,2.0,68.0,328824.0,9.432645763377089,44.64262352274214,37.83379122875874,56.674423167870984,267125.0,70.757887
89,06049,Azul,Buenos Aires,Metropolitan-Core,0.30528633771006514,13,58.92307692307692,40.0,356.0,75152.0,3.533151680290645,35.13623978201635,44.70935513169846,40.29708382286984,65280.0,75.207295
90,18168,Santo Tomé,Corrientes,Intermediate-Urban,0.28237109209157085,3,62.0,9.0,52.0,71922.0,14.198271723475756,31.673067690830532,32.19515122419587,18.954324571374915,61297.0,62.790629
91,06581,Necochea,Buenos Aires,Metropolitan-Core,0.2587933194837455,15,55.6,79.0,862.0,101483.0,3.4049323786793955,35.16945107398568,46.930787589498806,35.72618288589465,92933.0,73.42339
92,82007,Belgrano,Santa Fe,Pampeana-Educated,0.24890798780561507,7,69.85714285714286,8.0,29.0,48544.0,4.488640287272978,29.549064291140116,48.00773427249499,48.5561560341409,44788.0,74.284863
93,06819,Tornquist,Buenos Aires,Metropolitan-Core,0.2487201507175236,9,58.22222222222222,12.0,93.0,14591.0,3.283384750991626,32.52534156015866,46.49625385632437,8.309413287347184,12723.0,76.319296
94,14119,Río Segundo,Córdoba,Intermediate-Urban,0.24591435785905214,10,59.0,36.0,187.0,113311.0,4.665004674353381,27.39171081333749,45.58741040822686,30.70665724600481,103718.0,71.06632
95,82133,Vera,Santa Fe,Intermediate-Urban,0.243060972080171,6,60.666666666666664,9.0,87.0,55463.0,14.671997831390621,24.972892382759554,26.78232583355923,13.650560163942504,51494.0,57.918441
96,06525,Marcos Paz,Buenos Aires,Intermediate-Urban,0.22187873028372326,7,68.71428571428571,7.0,19.0,64761.0,12.213427947598253,27.258460698689955,37.02237991266376,21.400270789785118,54181.0,69.330799
97,30021,Diamante,Entre Ríos,Pampeana-Educated,0.21739240281508035,9,61.22222222222222,6.0,71.0,52312.0,4.978354978354979,34.66585497835498,44.29112554112554,18.973050744473785,46361.0,67.574982
98,14140,San Justo,Córdoba,Metropolitan-Core,0.21460743141832453,17,53.76470588235294,220.0,1866.0,228951.0,4.253950203495331,33.01562125927699,46.51663873593488,28.86035367293161,206307.0,76.480638
99,30028,Federación,Entre Ríos,Intermediate-Urban,0.20830110030168322,11,61.54545454545455,11.0,75.0,78264.0,10.826710702858913,23.227371245742596,37.46000619258953,22.387272609479528,68736.0,68.866147
100,50021,Godoy Cruz,Mendoza,Metropolitan-Core,0.20694533617693603,10,57.1,17.0,548.0,194557.0,3.724618736383442,50.53420479302832,52.70065359477124,85.58123977483616,191903.0,72.549205
101,38094,Tilcara,Jujuy,Semi-Rural-Active,0.20444085977211035,4,71.25,2.0,15.0,14621.0,18.63408890197233,26.111274654106566,23.049749779216956,4.047057795113966,12349.0,66.677048
102,06840,Tres de Febrero,Buenos Aires,Metropolitan-Core,0.18420873600298493,14,56.07142857142857,49.0,486.0,362319.0,4.331722741322343,44.80939354105233,55.53167300245141,88.15550261848847,340071.0,77.39694
103,26042,Gaiman,Chubut,Intermediate-Urban,0.1643312675668603,8,61.125,9.0,105.0,12505.0,8.523375142531357,26.026225769669328,42.388825541619156,9.294029269360875,11141.0,73.873
104,06147,Carlos Casares,Buenos Aires,Pampeana-Educated,0.16426829191647266,8,54.875,8.0,118.0,22905.0,4.128617363344051,27.408360128617364,46.91961414790997,11.011922685248239,22237.0,76.098988
105,06280,General Alvarado,Buenos Aires,Pampeana-Educated,0.16286567520230927,9,56.888888888888886,17.0,203.0,45307.0,6.354068488847,36.22368834432925,43.31605403707194,19.159965938455134,39594.0,70.922298
106,06882,Zárate,Buenos Aires,Metropolitan-Diversified,0.12767875217164,9,51.77777777777778,19.0,168.0,131415.0,9.120042336753594,36.60953164966337,51.14515038367683,61.33164839685521,114269.0,72.217636
107,06686,Rojas,Buenos Aires,Pampeana-Educated,0.10438116897601321,7,63.142857142857146,14.0,82.0,25619.0,3.620474406991261,31.61048689138577,44.20724094881398,15.255236096630306,23432.0,72.737356
108,06119,Brandsen,Buenos Aires,Metropolitan-Diversified,0.10145278733258174,8,65.375,5.0,63.0,32350.0,8.409418548774628,34.574723690533396,43.11629024507448,13.467639921885663,26367.0,74.434612
109,06371,General San Martín,Buenos Aires,Metropolitan-Core,0.09045767350120872,11,59.81818181818182,54.0,566.0,444503.0,6.708607978859177,40.425819432140656,52.488701370850286,97.19313846487998,414196.0,77.920405
110,06560,Moreno,Buenos Aires,Intermediate-Urban,0.08295325918080483,12,62.75,41.0,288.0,575758.0,12.921719778093149,28.27054573603406,37.19197522900271,53.70867427875304,452505.0,72.314301
111,06826,Trenque Lauquen,Buenos Aires,Pampeana-Educated,0.06799927973131116,10,63.8,19.0,215.0,49128.0,3.436875817893794,34.961085474206214,48.446862731593086,46.99967653257619,43021.0,77.713233
112,06252,Escobar,Buenos Aires,Metropolitan-Diversified,0.05512991132076335,14,53.92857142857143,30.0,324.0,256071.0,11.60700888614728,35.342858571881095,47.141594838365485,53.47091371136674,213619.0,76.26536
113,54091,Oberá,Misiones,Intermediate-Urban,0.05090214793164047,14,59.5,51.0,388.0,120703.0,14.572228144989339,25.932835820895523,28.541444562899787,12.857083315596299,107501.0,65.101006
114,06161,Carmen de Areco,Buenos Aires,Pampeana-Educated,0.0018619450544359495,8,62.25,3.0,72.0,17345.0,5.139278773483049,25.86914273375081,43.27359101705895,11.615091878135868,14692.0,75.564776
115,54119,25 de Mayo,Misiones,Semi-Rural-Active,-0.007785019909930928,3,75.0,1.0,19.0,30877.0,15.008633284632753,8.85907823084075,12.206136273077433,1.3609453618804048,27754.0,64.645573
116,06224,Chivilcoy,Buenos Aires,Metropolitan-Core,-0.008061876831308509,10,64.4,46.0,344.0,70554.0,3.613639451161527,33.53258162387357,44.89426255490649,29.271321444851623,64185.0,77.985986
117,06182,Coronel de Marina Leonardo Rosales,Buenos Aires,Metropolitan-Core,-0.015524274799456464,9,61.22222222222222,37.0,276.0,65823.0,2.888179571663921,52.83154859967051,56.878088962108734,23.67883012559727,62152.0,71.028711
118,06833,Tres Arroyos,Buenos Aires,Metropolitan-Core,-0.04424439805154462,10,62.6,58.0,320.0,61889.0,3.291239932385403,34.53316098240032,49.97514169235358,25.685399732560402,57110.0,76.225266
119,14084,Presidente Roque Sáenz Peña,Córdoba,Pampeana-Educated,-0.05862475152072127,7,69.85714285714286,11.0,55.0,37551.0,4.516555197754108,28.17273552968376,46.701345883907194,23.52294420780531,36282.0,72.772826
120,06412,José C. Paz,Buenos Aires,Intermediate-Urban,-0.059900436892256895,9,67.66666666666667,14.0,128.0,326527.0,12.004684755026352,23.218817099355846,36.301274364908956,54.18666503569385,265981.0,72.387787
121,14028,Cruz del Eje,Córdoba,Intermediate-Urban,-0.06023337680953337,12,63.166666666666664,39.0,492.0,64748.0,14.685226987710058,30.354903436167543,29.17607223476298,19.047583699883283,58759.0,57.550351
122,06648,Presidente Perón,Buenos Aires,Intermediate-Urban,-0.07459789683231033,6,67.5,13.0,53.0,101994.0,19.129866492391,24.866959200821587,32.401269722714964,47.33886640568853,81141.0,71.331103
123,06175,Colón,Buenos Aires,Pampeana-Educated,-0.07622701528705626,4,76.0,5.0,25.0,27406.0,3.809058722988646,29.80100109876694,39.824197289708216,19.6201988210607,24890.0,71.819624
124,30091,Tala,Entre Ríos,Intermediate-Urban,-0.10088044571754928,7,61.42857142857143,3.0,39.0,31091.0,6.09088746133714,27.242445871996193,31.82250773257197,13.14586412958174,25665.0,68.244755
125,06553,Monte Hermoso,Buenos Aires,Metropolitan-Core,-0.10767903036144734,7,68.14285714285714,6.0,36.0,8444.0,5.148005148005148,39.55383955383955,45.34534534534534,38.89346957334301,6499.0,76.558862
126,06070,Baradero,Buenos Aires,Pampeana-Educated,-0.12981519018053872,6,65.16666666666667,29.0,270.0,39223.0,5.789170506912442,35.09024577572965,45.746927803379414,21.981153524735117,32761.0,71.534575
127,06728,San Andrés de Giles,Buenos Aires,Pampeana-Educated,-0.13699067539714826,5,75.0,3.0,17.0,26399.0,5.7111477210323995,27.210323997803403,41.3783635365184,13.640566440885895,23027.0,75.134731
128,06700,Saavedra,Buenos Aires,Pampeana-Educated,-0.14594486996672312,3,52.333333333333336,2.0,19.0,21407.0,1.1483253588516746,35.42036910457963,47.751196172248804,11.00334363222354,20749.0,78.600648
129,22168,25 de Mayo,Chaco,Peripheral-Deprived,-0.1832676944989586,5,86.6,3.0,70.0,32606.0,26.088688263409452,14.763674986723315,17.578332448220923,16.788223228856815,29215.0,57.756142
130,50028,Guaymallén,Mendoza,Metropolitan-Diversified,-0.19228578583476197,6,71.16666666666667,4.0,88.0,320871.0,6.459821988216121,39.85959633947599,47.07032719067318,59.318318457545566,283803.0,71.604822
131,06770,San Pedro,Buenos Aires,Intermediate-Urban,-0.21053408758762773,8,67.5,15.0,174.0,68353.0,7.662274280136652,28.165500786291418,40.15508920340545,18.221195714574872,59036.0,70.681791
132,06665,Ramallo,Buenos Aires,Pampeana-Educated,-0.2294640502752123,8,70.25,22.0,213.0,39648.0,6.185668071757671,27.99725517106166,43.770218606019014,23.00060113410287,33042.0,68.777882
133,06245,Ensenada,Buenos Aires,Metropolitan-Diversified,-0.24228252309141307,9,70.88888888888889,12.0,141.0,63978.0,10.296393968927363,38.94972195149917,48.32310955684228,93.61014477817292,56729.0,74.327029
134,70028,Capital,San Juan,Metropolitan-Core,-0.2623356027303298,9,64.44444444444444,12.0,117.0,114849.0,4.105847455138183,60.11923991894035,53.88704514082646,81.3742933003497,109123.0,72.885885
135,14126,San Alberto,Córdoba,Peripheral-Deprived,-0.2692484740335904,9,69.66666666666667,24.0,141.0,42029.0,13.594961240310077,28.963178294573645,29.29263565891473,19.098967688394314,37004.0,63.759384
136,06315,General Juan Madariaga,Buenos Aires,Pampeana-Educated,-0.27192761968978224,7,77.0,4.0,38.0,22566.0,7.548957675300064,25.22109917877448,39.30827542640556,14.15565230705434,19747.0,73.143631
137,06260,Esteban Echeverría,Buenos Aires,Metropolitan-Diversified,-0.27652211475320854,11,66.72727272727273,41.0,598.0,337880.0,10.772291511541326,33.34768242740134,43.453322784810126,70.84952572161727,300959.0,73.947554
138,06410,Ituzaingó,Buenos Aires,Metropolitan-Core,-0.27897809953330677,10,64.2,23.0,204.0,177983.0,4.906305886011975,47.333022315527565,57.238939429282325,64.79773626147693,167824.0,76.828226
139,54070,Leandro N. Alem,Misiones,Intermediate-Urban,-0.28600107881431125,9,67.11111111111111,14.0,48.0,49391.0,14.851106177753962,22.804868713159305,23.179973972288142,12.975374828765249,45075.0,63.558676
140,70035,Caucete,San Juan,Intermediate-Urban,-0.2884997504830555,1,75.0,3.0,13.0,44017.0,15.605162928480745,22.809987304274227,26.745662293694455,30.893897041155196,38343.0,55.313535
141,58042,Chos Malal,Neuquén,Metropolitan-Diversified,-0.2941048860690919,4,69.5,2.0,38.0,18289.0,10.695652173913043,31.0,45.91304347826087,21.135593125850516,15256.0,71.205925
142,06672,Rauch,Buenos Aires,Pampeana-Educated,-0.2954401299521512,8,68.375,4.0,33.0,16491.0,2.779342723004695,25.239436619718308,36.413145539906104,10.225609988659981,15176.0,77.853749
143,06270,Ezeiza,Buenos Aires,Intermediate-Urban,-0.3319603966849903,11,69.81818181818181,17.0,183.0,198620.0,14.102996380965227,29.87614359251017,39.514914469395556,43.310663116698464,163722.0,74.470761
144,06210,Chacabuco,Buenos Aires,Pampeana-Educated,-0.3415774341741209,9,63.55555555555556,11.0,44.0,52409.0,4.09796314258002,28.61905916585839,42.173860329776915,20.448149554468813,48703.0,75.296025
145,06547,Monte,Buenos Aires,Pampeana-Educated,-0.34369057775180084,11,69.0,22.0,444.0,24616.0,5.78412023683012,29.391225140428116,41.2327311370882,20.146403300417564,21034.0,73.952912
146,22098,Mayor Luis J. Fontana,Chaco,Intermediate-Urban,-0.3444487000041602,5,60.8,4.0,52.0,59798.0,19.21264924169087,22.33623749596644,26.3891577928364,26.50450270324048,55080.0,62.467605
147,06420,La Costa,Buenos Aires,Metropolitan-Diversified,-0.3565379252927158,8,70.5,19.0,153.0,100400.0,5.753893690759531,39.23337091319053,40.51108605787298,36.20372661501893,69633.0,70.448978
148,30077,Nogoyá,Entre Ríos,Pampeana-Educated,-0.38958438334636847,6,78.83333333333333,13.0,60.0,42954.0,6.094863602850824,28.188744163185056,32.56328336200541,10.516699550231582,39026.0,66.221766
149,66140,Rosario de la Frontera,Salta,Intermediate-Urban,-0.39744116472043967,4,87.25,3.0,34.0,33750.0,14.840445982314494,24.067666282199156,24.810970139689864,14.643072564401953,28993.0,61.376095
150,50014,General Alvear,Mendoza,Intermediate-Urban,-0.4220929809997268,8,70.5,9.0,104.0,52379.0,7.994304312449145,25.56278817466775,34.892866829400596,26.495213127760934,46429.0,66.22141
151,66049,General Güemes,Salta,Intermediate-Urban,-0.4309706328545049,4,85.75,2.0,22.0,55746.0,15.775817332641411,26.682234907455456,26.94170558726864,25.70751718031568,47226.0,58.897854
152,06854,25 de Mayo,Buenos Aires,Pampeana-Educated,-0.43957654492876286,6,73.16666666666667,4.0,49.0,35411.0,4.131765463917525,25.74903350515464,38.99806701030928,10.028663192423659,35842.0,72.359695
153,06196,Coronel Pringles,Buenos Aires,Pampeana-Educated,-0.4412404411029542,7,64.42857142857143,2.0,19.0,24110.0,3.7668272199580093,27.182907249598617,38.87859701123873,13.423563055895555,22933.0,72.876066
154,82112,San Justo,Santa Fe,Pampeana-Educated,-0.4433288982661257,6,81.5,24.0,173.0,46486.0,6.131320064058568,28.856859604972165,37.02432700373675,24.53933248426659,40904.0,68.636402
155,10021,Andalgalá,Catamarca,Intermediate-Urban,-0.44589160580633946,5,75.2,1.0,35.0,19545.0,11.070896316797956,31.31786246540345,27.570789865871834,7.5084534757795725,18132.0,63.659847
156,54098,San Ignacio,Misiones,Peripheral-Deprived,-0.45414682560349495,10,70.2,9.0,160.0,63194.0,19.733453515323205,19.913726500128767,20.435230491887715,6.836878467584256,57728.0,58.46067
157,10105,Tinogasta,Catamarca,Semi-Rural-Active,-0.45916468169804575,5,80.4,4.0,45.0,25254.0,10.8143752060666,32.08044840092318,26.2776129244972,6.622018923047777,22360.0,65.257369
158,58070,Los Lagos,Neuquén,Metropolitan-Core,-0.4597061931301918,5,84.0,5.0,26.0,15502.0,6.293127242616616,47.11565001380072,61.35799061551201,6.6033294672485,11998.0,80.236917
159,06105,Bolívar,Buenos Aires,Pampeana-Educated,-0.4744285181863221,8,73.625,13.0,157.0,37194.0,3.36610564905849,30.436593901016497,40.53491084819197,25.142029517243664,34190.0,74.686006
160,54077,Libertador General San Martín,Misiones,Peripheral-Deprived,-0.47659737389132145,5,80.4,12.0,123.0,52166.0,15.888949886283429,21.017959375735238,25.67641753587954,11.54268943123973,46561.0,60.369807
161,38042,Palpalá,Jujuy,Intermediate-Urban,-0.4984509673508419,6,77.83333333333333,9.0,92.0,65522.0,11.485822306238186,32.6124763705104,36.34026465028355,24.075408233148252,52631.0,62.945615
162,06469,Lincoln,Buenos Aires,Pampeana-Educated,-0.498656698396809,3,73.33333333333333,9.0,34.0,45191.0,3.3314977973568283,32.06222466960352,47.095264317180614,16.445784374899517,41808.0,73.705196
163,06778,San Vicente,Buenos Aires,Intermediate-Urban,-0.5174749919409475,5,87.2,8.0,59.0,97929.0,15.459219443795279,31.04697359196074,36.98293993923814,22.291873370844737,59478.0,69.121738
164,06238,Dolores,Buenos Aires,Pampeana-Educated,-0.5910706856945359,4,88.5,11.0,73.0,31405.0,3.5206574855619723,36.472678809418035,46.55708573967126,20.97885231597756,27042.0,72.550826
165,82119,San Lorenzo,Santa Fe,Metropolitan-Core,-0.6123354249489328,9,74.55555555555556,21.0,264.0,193786.0,6.357807652533609,33.27197518097208,44.72182006204757,52.434099994769205,157255.0,69.811301
166,30088,San Salvador,Entre Ríos,Intermediate-Urban,-0.6314357261927351,8,81.5,7.0,117.0,20786.0,8.293703633250903,21.266882252235114,38.63420201635914,18.936732637985696,17357.0,65.68395
167,06483,Lobos,Buenos Aires,Pampeana-Educated,-0.6447251426188304,8,78.125,6.0,105.0,41418.0,4.596135841348199,27.55128096008171,40.29279087581922,15.285744994628853,36172.0,73.751982
168,06707,Saladillo,Buenos Aires,Pampeana-Educated,-0.6587556521408584,6,77.16666666666667,6.0,42.0,35423.0,3.333952451708767,28.306092124814263,42.70988112927191,25.322693839337074,32103.0,75.069403
169,14056,Juárez Celman,Córdoba,Metropolitan-Core,-0.6638572908624827,8,75.25,25.0,261.0,67648.0,5.120283616105343,26.852367688022284,47.01949860724234,29.30834322716735,61078.0,74.145501
170,06455,Las Flores,Buenos Aires,Pampeana-Educated,-0.698749644292089,5,75.4,7.0,75.0,27136.0,4.4076464142213565,27.322537440642883,35.82125897966638,25.060783805158827,23871.0,73.074954
171,06735,San Antonio de Areco,Buenos Aires,Pampeana-Educated,-0.7220148047636246,6,82.5,7.0,41.0,26695.0,3.93547489917953,31.455986649979142,50.938673341677095,17.715357858682882,23138.0,77.257648
172,82028,Constitución,Santa Fe,Metropolitan-Core,-0.7292603721410272,7,80.0,13.0,67.0,93000.0,5.839020691149388,32.22836095764273,44.06889827754306,34.67739783290057,86910.0,67.517945
173,50119,Tunuyán,Mendoza,Intermediate-Urban,-0.7366280462800154,7,75.14285714285714,2.0,25.0,59972.0,12.897030580587975,26.86512040183188,36.42340079775447,14.265815960717356,49458.0,67.030021
174,26035,Futaleufú,Chubut,Metropolitan-Diversified,-0.7648332343035756,10,77.8,23.0,334.0,49965.0,8.930131004366812,37.27802037845706,52.503639010189225,24.098207387498675,43076.0,73.053015
175,30105,Victoria,Entre Ríos,Intermediate-Urban,-0.7693857863575017,7,86.85714285714286,10.0,96.0,40301.0,8.72276959233481,33.30018982192895,35.51477899303986,25.989283525310643,35767.0,68.614501
176,06655,Punta Indio,Buenos Aires,Metropolitan-Core,-0.7800220746723602,4,83.75,5.0,20.0,12161.0,6.358042777615001,36.53677116905948,42.77761500146499,5.456425904975513,9888.0,74.296606
177,22021,Comandante Fernández,Chaco,Intermediate-Urban,-0.7853695054723896,9,83.55555555555556,33.0,358.0,101086.0,16.377777777777776,28.9,30.16296296296296,50.23455387935266,96944.0,68.009035
178,50056,Lavalle,Mendoza,Peripheral-Deprived,-0.7873493956539601,3,77.33333333333333,1.0,11.0,47086.0,18.40543747977128,13.475024274463264,22.764052217067643,6.836983444869192,36738.0,65.33502
179,06532,Mercedes,Buenos Aires,Pampeana-Educated,-0.7952062927614711,8,77.375,25.0,382.0,71002.0,5.100425447709508,40.89245077668942,48.911645394281194,23.130531571213492,63284.0,76.091721
180,06231,Daireaux,Buenos Aires,Pampeana-Educated,-0.8081670367326649,4,83.0,3.0,30.0,18328.0,4.0700857820770215,25.971892681146194,41.63168461398065,6.709232435843036,16889.0,76.096152
181,06651,Puán,Buenos Aires,Pampeana-Educated,-0.8406981037151051,5,80.2,2.0,27.0,16391.0,1.0587863463969658,27.860303413400757,40.80278128950695,6.206752236831515,15743.0,78.005673
182,14035,General Roca,Córdoba,Pampeana-Educated,-0.8509215024255345,5,94.8,3.0,37.0,36064.0,6.831495520330806,24.129910406616126,40.3342522398346,19.555317193831517,35645.0,72.939606
183,06203,Coronel Suárez,Buenos Aires,Pampeana-Educated,-0.9050906294788079,5,88.4,9.0,103.0,41713.0,2.349267712437737,29.395583971451938,44.903724630139024,13.142751046982461,38320.0,79.712432
184,18084,Ituzaingó,Corrientes,Peripheral-Deprived,-0.9234556874040311,6,77.5,11.0,70.0,38767.0,16.887773395482252,25.038843073981116,28.492888729532687,5.721101573300549,31150.0,59.055631
185,06077,Arrecifes,Buenos Aires,Pampeana-Educated,-0.9568127434818993,5,88.2,7.0,62.0,32077.0,4.3473706264403935,25.644248900062852,39.901529436413156,22.602902200889172,29044.0,72.822465
186,06784,Suipacha,Buenos Aires,Pampeana-Educated,-0.9661508651916302,6,81.33333333333333,3.0,21.0,11736.0,4.65043695380774,28.15230961298377,43.91385767790262,5.204776459289905,10081.0,72.399373
187,06714,Salto,Buenos Aires,Pampeana-Educated,-0.9805465138071556,4,105.25,5.0,18.0,39257.0,5.192253718776312,29.375994012536253,44.1294789035457,31.70612136115081,32653.0,72.776509
188,06574,Navarro,Buenos Aires,Pampeana-Educated,-0.9811370985390789,7,85.28571428571429,11.0,54.0,19888.0,5.412516444277392,21.499718098101862,38.35745160684082,10.024675384943158,17054.0,72.364643
189,06518,Mar Chiquita,Buenos Aires,Pampeana-Educated,-1.0072965528376785,8,83.25,7.0,80.0,32973.0,5.144061841180604,34.420238931834156,41.15249472944483,17.993615459377654,21279.0,70.705113
190,06385,General Viamonte,Buenos Aires,Pampeana-Educated,-1.0333736034016092,5,83.6,3.0,27.0,22530.0,3.0862233534839327,27.601018135539295,42.25262488068724,19.484805539837385,18078.0,72.683629
191,46014,Capital,La Rioja,Metropolitan-Diversified,-1.0397566927967645,2,102.0,5.0,20.0,210507.0,10.417859187178019,49.99386703737019,47.060266579442306,54.27531473616511,180995.0,71.387209
192,90119,Yerba Buena,Tucumán,Metropolitan-Diversified,-1.0447303490679114,8,88.5,16.0,134.0,102589.0,8.329741379310345,54.488146551724135,54.224137931034484,33.62668823616364,75076.0,71.844617
193,66056,General José de San Martín,Salta,Intermediate-Urban,-1.0455967199018945,3,92.66666666666667,7.0,50.0,177448.0,26.000263747857048,25.739153369378872,23.998417512857706,28.034267494838836,156910.0,58.151537
194,06505,Magdalena,Buenos Aires,Pampeana-Educated,-1.0602372887072278,3,85.33333333333333,3.0,25.0,22653.0,7.894736842105263,33.613288540500186,44.45688689809631,15.568968236935701,19301.0,74.606098
195,06277,Florentino Ameghino,Buenos Aires,Pampeana-Educated,-1.0988847742090688,3,88.0,2.0,26.0,10759.0,4.219691895512391,25.150703281982587,45.478901540522436,10.202712636140697,8869.0,75.958119
196,90070,Monteros,Tucumán,Peripheral-Deprived,-1.1401065946253774,5,92.8,2.0,20.0,77469.0,13.390617160060211,24.93100852985449,24.485699949824387,12.358505457360456,63641.0,59.567656
197,06511,Maipú,Buenos Aires,Pampeana-Educated,-1.1592425342638841,5,91.4,1.0,25.0,11253.0,4.989846243109951,28.923701769654773,41.775456919060055,12.727756252730602,10188.0,75.306722
198,06021,Alberti,Buenos Aires,Metropolitan-Core,-1.1651319444012762,5,84.2,4.0,46.0,12906.0,2.220480668756531,31.426332288401255,43.67816091954023,6.388472034767675,10654.0,75.598242
199,58112,Zapala,Neuquén,Metropolitan-Diversified,-1.190161727480119,5,89.6,5.0,29.0,45540.0,12.333488588728459,33.11597578015836,44.95575221238938,42.56956532154012,36549.0,67.439815
200,38035,Ledesma,Jujuy,Intermediate-Urban,-1.200872390187549,5,90.4,5.0,86.0,93653.0,17.00172032440403,25.95232243794544,28.39026787908577,25.219889612795146,81790.0,61.544557
201,06301,General Belgrano,Buenos Aires,Pampeana-Educated,-1.3196007002202421,3,98.0,2.0,19.0,20674.0,3.6284953395472703,28.9780292942743,39.34753661784288,17.825034109677045,17365.0,74.657881
202,82091,San Cristóbal,Santa Fe,Intermediate-Urban,-1.3482546764112535,3,81.66666666666667,12.0,138.0,72593.0,6.869948567229978,26.768001469507716,36.05804555473916,26.438654115595813,68878.0,73.14142
203,66077,La Caldera,Salta,Semi-Rural-Active,-1.402608941064634,4,93.75,4.0,30.0,12246.0,15.229885057471265,48.18007662835249,39.84674329501916,7.532950064388713,7763.0,74.651372
204,50070,Maipú,Mendoza,Intermediate-Urban,-1.441404614984115,3,105.33333333333333,8.0,161.0,218887.0,8.503510919281068,27.069509759711394,39.657282741738065,49.45518150366716,172332.0,69.319182
205,06462,Leandro N. Alem,Buenos Aires,Pampeana-Educated,-1.4650276084178977,3,94.66666666666667,3.0,25.0,17153.0,4.444060176379042,26.854573750648452,40.255922531558014,11.095588946294512,16799.0,73.774935
206,22105,9 de Julio,Chaco,Peripheral-Deprived,-1.4804374526992397,5,99.6,3.0,69.0,30223.0,20.325724544755065,20.902795588612463,22.980251346499102,37.7117008258741,28555.0,61.995249
207,90077,Río Chico,Tucumán,Intermediate-Urban,-1.5397872966197048,4,105.75,2.0,17.0,64927.0,14.373935264054515,24.9290176036343,25.312322544009085,14.246821199486009,56847.0,58.153121
208,90021,Chicligasta,Tucumán,Intermediate-Urban,-1.552956843410214,5,98.2,2.0,184.0,92308.0,15.933346757954087,26.4750302053967,28.599476439790575,18.6263053203256,80735.0,63.376152
209,06798,Tapalqué,Buenos Aires,Pampeana-Educated,-1.6861793028750534,4,109.75,1.0,14.0,10695.0,3.0350932658868164,24.913057224154283,39.61429023079355,9.513321115229099,9178.0,73.482799
210,06392,General Villegas,Buenos Aires,Pampeana-Educated,-1.7067039526290326,5,103.6,5.0,21.0,35055.0,6.023979887836009,28.563140591761748,44.74956488106749,14.787780781964267,30864.0,75.474889
211,06189,Coronel Dorrego,Buenos Aires,Pampeana-Educated,-1.715408595302464,3,110.66666666666667,5.0,36.0,15795.0,2.7245561610124804,27.298294955176658,39.5675865705748,5.432247120361247,15825.0,73.084977
212,30113,Villaguay,Entre Ríos,Intermediate-Urban,-1.9757464965121376,3,104.33333333333333,6.0,30.0,55284.0,8.868667662637511,28.310471275295395,31.834849925302187,13.598367547352623,48965.0,63.943267
213,06742,San Cayetano,Buenos Aires,Pampeana-Educated,-1.9757464965121376,3,104.33333333333333,1.0,20.0,8918.0,2.6680175616345827,23.438027693346843,45.153664302600475,12.930209865210786,8399.0,73.006259
214,82105,San Jerónimo,Santa Fe,Intermediate-Urban,-1.97648352433398,3,121.0,9.0,87.0,84617.0,6.433637284701114,29.993765100148078,38.89798145117294,24.906482214208225,80840.0,70.125975
215,06112,Bragado,Buenos Aires,Pampeana-Educated,-1.97648352433398,3,121.0,7.0,94.0,46227.0,3.736617451542929,32.999790077671264,45.826044363585474,13.076961613587537,41336.0,73.078387
216,90049,La Cocha,Tucumán,Peripheral-Deprived,-1.97648352433398,3,121.0,2.0,19.0,21196.0,20.425439548513133,15.51986108096375,15.693509876275233,4.066507898418898,19002.0,58.492754
217,54014,Cainguás,Misiones,Peripheral-Deprived,-2.0506145084983083,3,106.0,4.0,22.0,59875.0,15.138666852019185,13.352331966358518,15.298533398206715,6.185651581186613,53403.0,62.596199
218,54084,Montecarlo,Misiones,Semi-Rural-Active,-2.0506145084983083,3,106.0,2.0,46.0,38620.0,14.63539010708822,21.96838347781744,24.04895461499235,7.328242096774487,36745.0,57.385864
219,90112,Trancas,Tucumán,Peripheral-Deprived,-2.069218468945733,2,117.0,2.0,15.0,23438.0,23.035352398108532,15.897320423328079,15.469488853861742,5.077747465697225,17371.0,61.928651
220,06084,Benito Juárez,Buenos Aires,Pampeana-Educated,-2.1804149451922266,2,94.5,2.0,55.0,21185.0,3.2861774241084585,27.65988800471559,40.480400825228415,10.759697892935947,20239.0,73.437357
221,06322,General La Madrid,Buenos Aires,Pampeana-Educated,-2.1815204869249887,2,119.5,2.0,42.0,11535.0,3.362456976436325,24.569764363251256,43.42070426264231,7.205148811394408,10783.0,75.487244
222,66021,Cafayate,Salta,Intermediate-Urban,-2.1815204869249887,2,119.5,1.0,17.0,17822.0,19.465541490857948,33.277074542897324,31.70182841068917,24.776612060340444,14850.0,70.631098
223,78021,Güer Aike,Santa Cruz,Metropolitan-Core,-2.1815204869249887,2,119.5,1.0,12.0,137309.0,6.693483983554675,45.71563784791032,67.33414179656305,49.754301423221555,113267.0,76.495326
224,06294,General Arenales,Buenos Aires,Pampeana-Educated,-2.572027338739504,1,110.0,2.0,11.0,16231.0,2.721982354045429,28.15843814529754,42.66941993617421,6.665058919762201,14903.0,72.433813
