dpto5,departamento,provincia,region,mca_cluster_label,eci_software,eci_diversity,eci_avg_ubiquity,gh_total_developers,gh_total_repos,gh_devs_per_10k,pob_2010,pob_2022,pct_jefe_sec_2010,pct_pc_2010,pct_nbi_2010,rad_2014
26007,Biedma,Chubut,Patagonia,Metropolitan-Diversified,2.1112704546167733,14,30.214285714285715,59.0,686.0,5.738964651868568,82883.0,102806.0,39.83899309386621,58.722569572146625,8.86355277675616,63.84386141371936
82063,La Capital,Santa Fe,Pampeana,Metropolitan-Core,2.108985958362051,38,25.57894736842105,1330.0,24818.0,23.404820689157585,525093.0,568259.0,47.89836071530221,50.56530190815888,5.76081098266246,78.95734297846023
14014,Capital,Córdoba,Pampeana,Metropolitan-Core,2.0789941970605055,47,25.425531914893618,2411.0,50004.0,16.094148431972016,1329604.0,1498060.0,54.7483686874905,56.012379386679605,5.762643124588098,57.86553581384147
62021,Bariloche,Río Negro,Patagonia,Metropolitan-Diversified,2.002863788721023,34,28.764705882352942,344.0,3093.0,21.30783000811432,133500.0,161443.0,47.610539355822375,58.24757004002287,10.984848484848484,29.574946824045323
06441,La Plata,Buenos Aires,Pampeana,Metropolitan-Diversified,1.9344823708873045,37,28.37837837837838,1677.0,18483.0,22.180368588259878,654324.0,756074.0,59.00150465630126,59.46736070632995,8.405290245037571,63.39263065174324
94015,Tolhuin,"Tierra del Fuego, Antártida e Islas del Atlántico Sur",Patagonia,Metropolitan-Diversified,1.9256302964825804,24,30.333333333333332,200.0,2136.0,23.246083035008603,56956.0,86036.0,57.97696430607823,75.17960998973658,13.137187820732125,34.432224526030346
82084,Rosario,Santa Fe,Pampeana,Metropolitan-Core,1.784252080740993,43,27.11627906976744,1756.0,25257.0,13.124477748927843,1193605.0,1337958.0,47.8229855833777,52.905870334468695,6.561996061477633,71.24996444177607
50007,Capital,Mendoza,Cuyo,Metropolitan-Core,1.776075460658003,35,31.02857142857143,836.0,16642.0,67.57466758275068,115041.0,123715.0,68.08309484873263,59.400551921504494,4.440923957481602,76.35456286518911
62042,General Roca,Río Negro,Patagonia,Metropolitan-Diversified,1.7362444926760237,26,35.34615384615385,104.0,1257.0,2.7395311713866506,320921.0,379627.0,33.479830639727254,48.203312783482346,9.187090804863576,55.8925342617076
06602,Patagones,Buenos Aires,Pampeana,Intermediate-Urban,1.6599995984568585,23,36.43478260869565,74.0,756.0,19.73385956958852,30207.0,37499.0,31.69007168810763,39.860551900225865,9.555140921143082,24.082080301664266
30084,Paraná,Entre Ríos,Pampeana,Metropolitan-Core,1.6479622639974592,26,32.84615384615385,338.0,3746.0,8.695294250815506,339930.0,388716.0,45.667904408264306,52.65067123678949,5.122345996381986,48.3603930499174
30098,Uruguay,Entre Ríos,Pampeana,Metropolitan-Core,1.6350387238972675,22,33.72727272727273,135.0,1519.0,11.686692752519132,100728.0,115516.0,36.272372824118136,49.316918920578395,5.8606821600712244,26.452458949588465
06791,Tandil,Buenos Aires,Pampeana,Metropolitan-Core,1.6334568394744358,30,33.13333333333333,861.0,8566.0,59.51146684361133,123871.0,144678.0,45.58683814158267,54.220831885065465,3.723786351523578,33.71014790065493
06056,Bahía Blanca,Buenos Aires,Pampeana,Metropolitan-Core,1.5229483825568555,26,31.307692307692307,355.0,3273.0,10.612696372251536,301572.0,334505.0,49.46555030282318,57.038028516641035,3.729756412447077,36.95434373320759
14098,Río Cuarto,Córdoba,Pampeana,Metropolitan-Core,1.5112811745994637,31,33.74193548387097,395.0,3608.0,14.209706488619643,246393.0,277979.0,36.99028165879473,49.187665372536415,4.530280175078513,32.584896961023595
06658,Quilmes,Buenos Aires,Pampeana,Metropolitan-Diversified,1.506450348022411,26,33.26923076923077,228.0,2863.0,3.608885455875044,582943.0,631774.0,38.21523347072441,48.141268138445035,9.20896617921066,113.22431288146836
06623,Pergamino,Buenos Aires,Pampeana,Metropolitan-Core,1.4545233558559194,24,42.333333333333336,122.0,1089.0,10.609802762027343,104590.0,114988.0,35.33709157846295,47.417165209387946,4.328693051081454,31.779797357505643
74056,Juan Martín de Pueyrredón,San Luis,Cuyo,Metropolitan-Diversified,1.4109446340297944,25,35.36,185.0,1553.0,7.094401558467456,204019.0,260769.0,46.332758414590415,61.91874861251046,6.837548455403952,42.037323816517095
30015,Concordia,Entre Ríos,Pampeana,Metropolitan-Diversified,1.399922858441183,29,35.48275862068966,185.0,1515.0,9.362206039381993,170033.0,197603.0,32.935267391938645,43.109916218581965,14.822225001042057,50.12122769556256
18007,Bella Vista,Corrientes,NEA,Peripheral-Deprived,1.3889186203465198,11,37.63636363636363,14.0,184.0,3.1553562171786607,37181.0,44369.0,23.933625165428076,23.760561946452203,16.105059554107708,15.617670916645617
22140,San Fernando,Chaco,NEA,Metropolitan-Diversified,1.3393169087638725,21,42.476190476190474,512.0,5202.0,12.374203652323546,390874.0,413764.0,39.77582138319114,42.56126338718461,11.353240152477763,54.56079613335116
50105,San Rafael,Mendoza,Cuyo,Metropolitan-Diversified,1.3344163886299305,22,43.86363636363637,118.0,2035.0,5.534605354496163,188018.0,213204.0,31.517440726357044,39.648170807398344,7.923250164033267,26.220829579009102
06861,Vicente López,Buenos Aires,Pampeana,Metropolitan-Core,1.3026154902125293,17,43.588235294117645,126.0,1181.0,4.491322124038911,269420.0,280541.0,69.49217412323993,70.91734987812984,2.4313599097556553,92.62596878488297
14091,Punilla,Córdoba,Pampeana,Pampeana-Educated,1.2679517953664858,26,40.15384615384615,172.0,1983.0,7.836205089888562,178401.0,219494.0,46.53502977213907,46.56579733227155,5.664850777333357,22.31170543273127
82014,Caseros,Santa Fe,Pampeana,Metropolitan-Core,1.2340855319310597,12,42.833333333333336,28.0,358.0,3.245962833725554,82100.0,86261.0,35.236664162283994,44.96082429966727,3.538334943293621,33.852409421165454
06760,San Miguel,Buenos Aires,Pampeana,Metropolitan-Diversified,1.1989270955958113,17,41.94117647058823,298.0,4117.0,9.09507095986571,276190.0,327650.0,39.227554045170976,49.79225321542411,8.175921217458171,56.720079417062315
26077,Rawson,Chubut,Patagonia,Metropolitan-Core,1.1909962636458076,30,39.13333333333333,179.0,1803.0,12.394405207035037,131313.0,144420.0,39.86694830893243,56.58824386335494,6.242260907567922,61.49459596132431
06539,Merlo,Buenos Aires,Pampeana,Intermediate-Urban,1.1837854965385801,16,32.0,67.0,664.0,1.1522243088373885,528494.0,581484.0,27.148040835116035,38.79336023179615,11.487584283354545,68.17493076404791
18021,Capital,Corrientes,NEA,Metropolitan-Diversified,1.140599500942761,27,39.666666666666664,766.0,7519.0,17.510732753299838,358223.0,437446.0,49.74895095522357,44.50527357644366,11.789510583237966,78.89288880211153
90084,Capital,Tucumán,NOA,Metropolitan-Diversified,1.091052784943383,17,41.411764705882355,615.0,7476.0,10.47184605875472,548866.0,587289.0,48.22514838041849,44.5342904962594,9.646911738016978,56.044347361281574
06357,General Pueyrredón,Buenos Aires,Pampeana,Metropolitan-Core,1.0773976311411932,27,40.18518518518518,1397.0,17212.0,21.148434152980233,618989.0,660569.0,45.997502311791564,52.39473006854343,4.6688656491606055,59.96251983811281
10049,Capital,Catamarca,NOA,Metropolitan-Diversified,1.0381829970806706,17,39.94117647058823,173.0,1984.0,9.277830810978946,159703.0,186466.0,51.30956062516355,47.610438423293765,8.623355615291292,60.86246571909506
14182,Unión,Córdoba,Pampeana,Metropolitan-Core,1.0266503741297333,20,46.7,75.0,852.0,6.600079200950411,105727.0,113635.0,32.637226340534774,45.70942340419395,4.707375465112925,24.281449720886766
06497,Luján,Buenos Aires,Pampeana,Metropolitan-Core,1.009490016288074,17,42.1764705882353,42.0,324.0,3.8143328096193843,106273.0,110111.0,38.80211536096421,49.62181773459599,6.078588119542491,27.663178847286115
58035,Confluencia,Neuquén,Patagonia,Metropolitan-Diversified,1.0094805078049442,28,42.892857142857146,242.0,2283.0,5.179606050293547,362673.0,467217.0,43.612555329164614,56.59910068151479,8.967715871566078,73.86160526137145
06756,San Isidro,Buenos Aires,Pampeana,Metropolitan-Core,0.9774000918830841,22,41.59090909090909,77.0,751.0,2.6015447094040773,292878.0,295978.0,63.15719091068067,69.22633804120848,3.656918313394299,80.23542781895654
66028,Capital,Salta,NOA,Metropolitan-Diversified,0.964803722160276,25,42.12,786.0,8144.0,12.596093288013039,536113.0,624003.0,48.83649635036496,44.66131386861314,12.758394160583942,60.53966728926631
06434,Lanús,Buenos Aires,Pampeana,Metropolitan-Core,0.9432759314820791,16,47.25,69.0,847.0,1.4997359160669534,459263.0,460081.0,40.316456542374695,51.917189192079896,4.958086554273567,82.2036421170311
06693,Roque Pérez,Buenos Aires,Pampeana,Pampeana-Educated,0.9365181656185287,5,49.0,3.0,24.0,2.1581181209984894,12513.0,13901.0,22.235157159487777,41.722933643771825,4.912689173457509,11.013932246922476
06274,Florencio Varela,Buenos Aires,Pampeana,Intermediate-Urban,0.9335267240521855,13,45.23076923076923,64.0,542.0,1.3111986609383675,426005.0,488103.0,22.724179078092543,36.14708092102356,17.021257789366686,55.68799986094562
06490,Lomas de Zamora,Buenos Aires,Pampeana,Metropolitan-Diversified,0.9141017717826769,22,42.04545454545455,187.0,1615.0,2.7273628880293566,616279.0,685644.0,38.31575268475567,46.56118277520069,8.914236089047044,87.06231054138729
54007,Apóstoles,Misiones,NEA,Peripheral-Deprived,0.9089545239494636,19,44.89473684210526,18.0,219.0,3.5641447042749936,42249.0,50503.0,26.635514018691588,26.194184839044652,19.946348217376254,12.94452478035724
82021,Castellanos,Santa Fe,Pampeana,Metropolitan-Core,0.9062195669538694,23,43.08695652173913,238.0,2276.0,12.561753156272431,178092.0,189464.0,33.7022630834512,47.6944837340877,5.084865629420085,47.42107531525643
06568,Morón,Buenos Aires,Pampeana,Metropolitan-Core,0.90485011641864,23,43.82608695652174,84.0,665.0,2.549185626234762,321109.0,329517.0,52.016800434042395,59.34687844942096,3.522852706216909,77.65702667959427
54028,Capital,Misiones,NEA,Metropolitan-Diversified,0.9042695482175325,24,43.416666666666664,518.0,5684.0,13.231229789168783,324756.0,391498.0,44.503865979381445,41.937285223367695,11.828823024054984,41.62661559363488
06063,Balcarce,Buenos Aires,Pampeana,Pampeana-Educated,0.8670710545351585,7,51.285714285714285,18.0,140.0,3.7101162503091762,43823.0,48516.0,30.835597826086957,42.45923913043478,6.413043478260869,24.06201091770498
06126,Campana,Buenos Aires,Pampeana,Metropolitan-Diversified,0.8552793550583623,21,44.666666666666664,55.0,495.0,5.093724531377343,94461.0,107976.0,40.21201664828715,52.577282914161714,8.65497492084949,44.224684823265704
14161,Tercero Arriba,Córdoba,Pampeana,Metropolitan-Core,0.8513170349126551,19,50.578947368421055,79.0,570.0,6.571996639130832,109554.0,120207.0,33.22424981973487,50.32725054079538,3.3279716013090024,29.476866953062125
02000,CABA,Ciudad Autónoma de Buenos Aires,CABA,Metropolitan-Core,0.8511857005106829,28,40.357142857142854,1359.0,16965.0,4.390309143666809,2890151.0,3095454.0,71.06276312151454,68.61330940568664,5.979824959526455,92.65709950714964
14042,General San Martín,Córdoba,Pampeana,Metropolitan-Core,0.8505261933605822,19,45.68421052631579,219.0,2062.0,14.370361621291758,127454.0,152397.0,39.655131236416615,50.57677151250269,4.642831554058895,41.27711056933187
82049,General Obligado,Santa Fe,Pampeana,Intermediate-Urban,0.8411040705692342,21,42.714285714285715,76.0,612.0,3.847458399356057,176410.0,197533.0,29.546318717604915,35.263863595429164,11.775300686425584,26.940133644795598
06638,Pilar,Buenos Aires,Pampeana,Metropolitan-Diversified,0.8356716181744303,25,46.8,135.0,1410.0,3.429756055424858,299077.0,393614.0,37.514968973400585,47.30195594585768,13.034800595130093,44.36795262480596
30008,Colón,Entre Ríos,Pampeana,Metropolitan-Core,0.8143521759324609,16,45.75,17.0,252.0,2.269995994124716,62160.0,74890.0,29.810148775234182,45.37394179231578,7.609076792065321,26.685498743829527
06035,Avellaneda,Buenos Aires,Pampeana,Metropolitan-Core,0.7864102172070082,25,45.4,201.0,2001.0,5.490048263260105,342677.0,366117.0,44.56170122500928,54.0365204786905,5.7997914125612064,96.62948297092845
06427,La Matanza,Buenos Aires,Pampeana,Intermediate-Urban,0.7543943268160144,22,44.13636363636363,115.0,995.0,0.6259634393806119,1775816.0,1837168.0,29.76434753737299,41.92972289646099,11.936878878305002,75.62513521502268
14147,Santa María,Córdoba,Pampeana,Metropolitan-Diversified,0.7205618616648354,17,46.94117647058823,70.0,595.0,5.035536500446005,98188.0,139012.0,36.98834565093803,42.11910176236498,8.186469584991473,20.959687243351297
06588,9 de Julio,Buenos Aires,Pampeana,Pampeana-Educated,0.7200329441987181,7,50.857142857142854,6.0,32.0,1.1457816140243668,47722.0,52366.0,32.7140053961246,47.663723325974985,3.7159676232523915,14.424217149432646
58056,Lácar,Neuquén,Patagonia,Pampeana-Educated,0.7143373587666563,11,52.18181818181818,9.0,71.0,2.274622791720373,29748.0,39567.0,47.558711086837796,58.85308574549426,8.672856362643364,15.28367836659226
06805,Tigre,Buenos Aires,Pampeana,Metropolitan-Diversified,0.7040965212032566,17,45.64705882352941,113.0,1005.0,2.531980255035392,376381.0,446291.0,38.640173916247534,52.173953094198495,11.037417785884044,62.271090831375254
06595,Olavarría,Buenos Aires,Pampeana,Metropolitan-Core,0.6888784177497715,15,45.2,42.0,416.0,3.442312578374081,111708.0,122011.0,35.168859351688596,50.49776210497762,3.3039468330394683,35.76093234095496
06413,Junín,Buenos Aires,Pampeana,Metropolitan-Core,0.6848830624922992,13,56.61538461538461,60.0,460.0,5.942712253872667,90305.0,100964.0,42.945736434108525,53.122216724393866,4.192643905657265,25.856437877589993
34014,Formosa,Formosa,NEA,Metropolitan-Diversified,0.6063073851547917,17,43.0,335.0,5068.0,12.473377716217625,234354.0,268572.0,41.15871672442152,37.03390236502132,15.058846074000735,65.21027759090263
06408,Hurlingham,Buenos Aires,Pampeana,Metropolitan-Core,0.6014376810617007,16,51.0625,95.0,1125.0,5.125134197592805,181241.0,185361.0,38.001161060919415,51.380573999492036,6.848445266862596,48.15765860776126
38021,Dr. Manuel Belgrano,Jujuy,NOA,Metropolitan-Diversified,0.5958203458392622,17,50.1764705882353,448.0,6204.0,14.023269863429629,265249.0,319469.0,44.992330532922416,44.03681344197239,11.080620875022868,34.72183125929995
54042,Eldorado,Misiones,NEA,Intermediate-Urban,0.5944371013689954,15,52.2,25.0,267.0,2.74324339152667,78221.0,91133.0,26.11046914721516,27.575687543332563,14.522764039750404,11.461822761439048
14021,Colón,Córdoba,Pampeana,Metropolitan-Diversified,0.554672501310723,21,50.42857142857143,117.0,1506.0,3.9726869285018216,225151.0,294511.0,43.930699278770774,48.13264346190028,7.808090310442145,26.58199126706159
30056,Gualeguaychú,Entre Ríos,Pampeana,Metropolitan-Core,0.5371704662587636,19,48.578947368421055,80.0,592.0,6.391001469930338,109461.0,125176.0,36.08083033746956,47.700916154470605,4.960570567088021,29.33113634269448
06515,Malvinas Argentinas,Buenos Aires,Pampeana,Intermediate-Urban,0.5125530762645645,13,46.53846153846154,34.0,451.0,0.973093952221087,322375.0,349401.0,27.80451767444984,43.523472654413574,12.130336474960263,58.65020045747737
54063,Iguazú,Misiones,NEA,Intermediate-Urban,0.5081655503845867,18,49.72222222222222,22.0,170.0,2.203569783048539,82227.0,99838.0,26.772570576725986,31.016491195378737,21.31277368862387,17.78382860292381
06749,San Fernando,Buenos Aires,Pampeana,Metropolitan-Diversified,0.5036300362291748,13,51.69230769230769,42.0,625.0,2.4547191976574965,163240.0,171099.0,41.52154543981857,53.39988660294832,8.583751822452616,142.47610086768182
06868,Villa Gesell,Buenos Aires,Pampeana,Metropolitan-Diversified,0.5033876292425022,9,49.22222222222222,17.0,175.0,4.5545880776959144,31730.0,37325.0,43.474069789859264,48.361287834972046,8.309234625024098,29.150913398596433
06091,Berazategui,Buenos Aires,Pampeana,Metropolitan-Diversified,0.5008394151205915,17,49.64705882352941,110.0,843.0,3.069813132102431,324244.0,358328.0,34.224593190502766,46.7294233824224,10.436434674337727,64.88586586236188
26021,Escalante,Chubut,Patagonia,Metropolitan-Diversified,0.4842583946308447,17,56.76470588235294,68.0,512.0,3.1653082218881066,186583.0,214829.0,43.21054945054945,63.70285714285714,9.25010989010989,68.28073829450744
82070,Las Colonias,Santa Fe,Pampeana,Metropolitan-Core,0.48398413268455387,13,46.53846153846154,32.0,347.0,2.789157151573259,104946.0,114730.0,32.338975150755964,45.21222361406473,3.484137850671483,27.98897262440063
06364,General Rodríguez,Buenos Aires,Pampeana,Intermediate-Urban,0.4808128530827046,16,54.9375,17.0,176.0,1.194533253697783,87185.0,142315.0,29.607638610286447,37.52708015726551,13.91719489689481,35.084051038358616
14007,Calamuchita,Córdoba,Pampeana,Metropolitan-Diversified,0.4379301597713727,11,53.36363636363637,26.0,214.0,3.445442739392012,54730.0,75462.0,37.22140112326338,41.96866686373042,7.768253029855158,8.517233577572108
90105,Tafí Viejo,Tucumán,NOA,Intermediate-Urban,0.4355524823811235,3,54.666666666666664,7.0,37.0,0.40491216298293004,121638.0,172877.0,32.37605804111246,35.01612253123741,13.052532580948542,30.41998461542887
30049,Gualeguay,Entre Ríos,Pampeana,Intermediate-Urban,0.4177578622649236,10,58.7,15.0,100.0,2.641031058525248,51883.0,56796.0,30.198724695103078,37.80102767287811,7.750882189067046,29.18963303423985
14063,Marcos Juárez,Córdoba,Pampeana,Metropolitan-Core,0.4072880799475455,11,48.36363636363637,46.0,274.0,4.28760509292918,104205.0,107286.0,31.94272184011726,49.39959409178036,3.323373548314353,27.66095676781013
14049,Ischilín,Córdoba,Pampeana,Intermediate-Urban,0.3777886541881903,2,67.0,11.0,58.0,3.053604641479055,31312.0,36023.0,30.638882528051294,33.04327913899702,9.88092512021983,14.03063906410731
06763,San Nicolás,Buenos Aires,Pampeana,Metropolitan-Core,0.37259120723714784,14,55.285714285714285,81.0,759.0,4.8602818963499885,145857.0,166657.0,39.91254356174114,49.07771192648332,5.6047590508534775,32.15599608161326
82042,General López,Santa Fe,Pampeana,Metropolitan-Core,0.3626530966432183,13,58.76923076923077,72.0,625.0,3.5918285899578457,191024.0,200455.0,32.267031072876065,46.10307933599391,4.700529527773033,37.06476841757371
82077,9 de Julio,Santa Fe,Pampeana,Intermediate-Urban,0.36208497477550217,6,67.5,2.0,55.0,0.646370628918622,29832.0,30942.0,22.838517840805125,26.692589204025616,15.016010978956999,27.338131637254676
06098,Berisso,Buenos Aires,Pampeana,Metropolitan-Diversified,0.3609858781160067,10,55.0,22.0,169.0,2.185032527188757,88470.0,100685.0,40.50785092353091,47.02174942620861,11.202593901417174,59.14688305314217
06399,Guaminí,Buenos Aires,Pampeana,Pampeana-Educated,0.36044691347645685,7,57.57142857142857,2.0,37.0,1.7149717029669012,11826.0,11662.0,26.231060606060606,43.46590909090909,2.0359848484848486,15.618752530432609
06644,Pinamar,Buenos Aires,Pampeana,Metropolitan-Diversified,0.3413122954343949,16,54.9375,39.0,413.0,9.942892106873343,25728.0,39224.0,47.37355271176112,56.92870201096892,8.117001828153565,33.707692451365446
06028,Almirante Brown,Buenos Aires,Pampeana,Metropolitan-Diversified,0.33840063382334573,15,48.6,65.0,649.0,1.1145232669591862,552902.0,583209.0,32.11231343759161,45.720057609706984,10.465975860003313,63.80409760831654
86049,Capital,Santiago del Estero,NOA,Metropolitan-Diversified,0.33390776549075496,5,55.6,2.0,68.0,0.06082281098703258,267125.0,328824.0,44.64262352274214,37.83379122875874,9.432645763377089,56.674423167870984
06049,Azul,Buenos Aires,Pampeana,Metropolitan-Core,0.30528633771006514,13,58.92307692307692,40.0,356.0,5.322546306152864,65280.0,75152.0,35.13623978201635,44.70935513169846,3.533151680290645,40.29708382286984
18168,Santo Tomé,Corrientes,NEA,Intermediate-Urban,0.28237109209157085,3,62.0,9.0,52.0,1.2513556352715443,61297.0,71922.0,31.673067690830532,32.19515122419587,14.198271723475756,18.954324571374915
06581,Necochea,Buenos Aires,Pampeana,Metropolitan-Core,0.2587933194837455,15,55.6,79.0,862.0,7.784555048628834,92933.0,101483.0,35.16945107398568,46.930787589498806,3.4049323786793955,35.72618288589465
82007,Belgrano,Santa Fe,Pampeana,Pampeana-Educated,0.24890798780561507,7,69.85714285714286,8.0,29.0,1.6479894528675016,44788.0,48544.0,29.549064291140116,48.00773427249499,4.488640287272978,48.5561560341409
06819,Tornquist,Buenos Aires,Pampeana,Metropolitan-Core,0.2487201507175236,9,58.22222222222222,12.0,93.0,8.224247824001097,12723.0,14591.0,32.52534156015866,46.49625385632437,3.283384750991626,8.309413287347184
14119,Río Segundo,Córdoba,Pampeana,Intermediate-Urban,0.24591435785905214,10,59.0,36.0,187.0,3.177096663165977,103718.0,113311.0,27.39171081333749,45.58741040822686,4.665004674353381,30.70665724600481
82133,Vera,Santa Fe,Pampeana,Intermediate-Urban,0.243060972080171,6,60.666666666666664,9.0,87.0,1.6227034239042244,51494.0,55463.0,24.972892382759554,26.78232583355923,14.671997831390621,13.650560163942504
06525,Marcos Paz,Buenos Aires,Pampeana,Intermediate-Urban,0.22187873028372326,7,68.71428571428571,7.0,19.0,1.080897453714427,54181.0,64761.0,27.258460698689955,37.02237991266376,12.213427947598253,21.400270789785118
30021,Diamante,Entre Ríos,Pampeana,Pampeana-Educated,0.21739240281508035,9,61.22222222222222,6.0,71.0,1.146964367640312,46361.0,52312.0,34.66585497835498,44.29112554112554,4.978354978354979,18.973050744473785
14140,San Justo,Córdoba,Pampeana,Metropolitan-Core,0.21460743141832453,17,53.76470588235294,220.0,1866.0,9.609042982996362,206307.0,228951.0,33.01562125927699,46.51663873593488,4.253950203495331,28.86035367293161
30028,Federación,Entre Ríos,Pampeana,Intermediate-Urban,0.20830110030168322,11,61.54545454545455,11.0,75.0,1.4054993355821324,68736.0,78264.0,23.227371245742596,37.46000619258953,10.826710702858913,22.387272609479528
50021,Godoy Cruz,Mendoza,Cuyo,Metropolitan-Core,0.20694533617693603,10,57.1,17.0,548.0,0.873779920537426,191903.0,194557.0,50.53420479302832,52.70065359477124,3.724618736383442,85.58123977483616
38094,Tilcara,Jujuy,NOA,Semi-Rural-Active,0.20444085977211035,4,71.25,2.0,15.0,1.3678954927843512,12349.0,14621.0,26.111274654106566,23.049749779216956,18.63408890197233,4.047057795113966
06840,Tres de Febrero,Buenos Aires,Pampeana,Metropolitan-Core,0.18420873600298493,14,56.07142857142857,49.0,486.0,1.3523994049442618,340071.0,362319.0,44.80939354105233,55.53167300245141,4.331722741322343,88.15550261848847
26042,Gaiman,Chubut,Patagonia,Intermediate-Urban,0.1643312675668603,8,61.125,9.0,105.0,7.197121151539384,11141.0,12505.0,26.026225769669328,42.388825541619156,8.523375142531357,9.294029269360875
06147,Carlos Casares,Buenos Aires,Pampeana,Pampeana-Educated,0.16426829191647266,8,54.875,8.0,118.0,3.4926871862038857,22237.0,22905.0,27.408360128617364,46.91961414790997,4.128617363344051,11.011922685248239
06280,General Alvarado,Buenos Aires,Pampeana,Pampeana-Educated,0.16286567520230927,9,56.888888888888886,17.0,203.0,3.7521795749001257,39594.0,45307.0,36.22368834432925,43.31605403707194,6.354068488847,19.159965938455134
06882,Zárate,Buenos Aires,Pampeana,Metropolitan-Diversified,0.12767875217164,9,51.77777777777778,19.0,168.0,1.4458014686299128,114269.0,131415.0,36.60953164966337,51.14515038367683,9.120042336753594,61.33164839685521
06686,Rojas,Buenos Aires,Pampeana,Pampeana-Educated,0.10438116897601321,7,63.142857142857146,14.0,82.0,5.464694172294,23432.0,25619.0,31.61048689138577,44.20724094881398,3.620474406991261,15.255236096630306
06119,Brandsen,Buenos Aires,Pampeana,Metropolitan-Diversified,0.10145278733258174,8,65.375,5.0,63.0,1.545595054095827,26367.0,32350.0,34.574723690533396,43.11629024507448,8.409418548774628,13.467639921885663
06371,General San Martín,Buenos Aires,Pampeana,Metropolitan-Core,0.09045767350120872,11,59.81818181818182,54.0,566.0,1.2148399448372678,414196.0,444503.0,40.425819432140656,52.488701370850286,6.708607978859177,97.19313846487998
06560,Moreno,Buenos Aires,Pampeana,Intermediate-Urban,0.08295325918080483,12,62.75,41.0,288.0,0.7121047384491401,452505.0,575758.0,28.27054573603406,37.19197522900271,12.921719778093149,53.70867427875304
06826,Trenque Lauquen,Buenos Aires,Pampeana,Pampeana-Educated,0.06799927973131116,10,63.8,19.0,215.0,3.8674482983227487,43021.0,49128.0,34.961085474206214,48.446862731593086,3.436875817893794,46.99967653257619
06252,Escobar,Buenos Aires,Pampeana,Metropolitan-Diversified,0.05512991132076335,14,53.92857142857143,30.0,324.0,1.17155007790808,213619.0,256071.0,35.342858571881095,47.141594838365485,11.60700888614728,53.47091371136674
54091,Oberá,Misiones,NEA,Intermediate-Urban,0.05090214793164047,14,59.5,51.0,388.0,4.225247094107023,107501.0,120703.0,25.932835820895523,28.541444562899787,14.572228144989339,12.857083315596299
06161,Carmen de Areco,Buenos Aires,Pampeana,Pampeana-Educated,0.0018619450544359495,8,62.25,3.0,72.0,1.7296050735082156,14692.0,17345.0,25.86914273375081,43.27359101705895,5.139278773483049,11.615091878135868
54119,25 de Mayo,Misiones,NEA,Semi-Rural-Active,-0.007785019909930928,3,75.0,1.0,19.0,0.32386566052401466,27754.0,30877.0,8.85907823084075,12.206136273077433,15.008633284632753,1.3609453618804048
06224,Chivilcoy,Buenos Aires,Pampeana,Metropolitan-Core,-0.008061876831308509,10,64.4,46.0,344.0,6.519828783626726,64185.0,70554.0,33.53258162387357,44.89426255490649,3.613639451161527,29.271321444851623
06182,Coronel de Marina Leonardo Rosales,Buenos Aires,Pampeana,Metropolitan-Core,-0.015524274799456464,9,61.22222222222222,37.0,276.0,5.621135469364812,62152.0,65823.0,52.83154859967051,56.878088962108734,2.888179571663921,23.67883012559727
06833,Tres Arroyos,Buenos Aires,Pampeana,Metropolitan-Core,-0.04424439805154462,10,62.6,58.0,320.0,9.371616927079126,57110.0,61889.0,34.53316098240032,49.97514169235358,3.291239932385403,25.685399732560402
14084,Presidente Roque Sáenz Peña,Córdoba,Pampeana,Pampeana-Educated,-0.05862475152072127,7,69.85714285714286,11.0,55.0,2.929349418124684,36282.0,37551.0,28.17273552968376,46.701345883907194,4.516555197754108,23.52294420780531
06412,José C. Paz,Buenos Aires,Pampeana,Intermediate-Urban,-0.059900436892256895,9,67.66666666666667,14.0,128.0,0.4287547430993455,265981.0,326527.0,23.218817099355846,36.301274364908956,12.004684755026352,54.18666503569385
14028,Cruz del Eje,Córdoba,Pampeana,Intermediate-Urban,-0.06023337680953337,12,63.166666666666664,39.0,492.0,6.0233520726508925,58759.0,64748.0,30.354903436167543,29.17607223476298,14.685226987710058,19.047583699883283
06648,Presidente Perón,Buenos Aires,Pampeana,Intermediate-Urban,-0.07459789683231033,6,67.5,13.0,53.0,1.2745847794968332,81141.0,101994.0,24.866959200821587,32.401269722714964,19.129866492391,47.33886640568853
06175,Colón,Buenos Aires,Pampeana,Pampeana-Educated,-0.07622701528705626,4,76.0,5.0,25.0,1.824418010654601,24890.0,27406.0,29.80100109876694,39.824197289708216,3.809058722988646,19.6201988210607
30091,Tala,Entre Ríos,Pampeana,Intermediate-Urban,-0.10088044571754928,7,61.42857142857143,3.0,39.0,0.9649094593290662,25665.0,31091.0,27.242445871996193,31.82250773257197,6.09088746133714,13.14586412958174
06553,Monte Hermoso,Buenos Aires,Pampeana,Metropolitan-Core,-0.10767903036144734,7,68.14285714285714,6.0,36.0,7.105637138796779,6499.0,8444.0,39.55383955383955,45.34534534534534,5.148005148005148,38.89346957334301
06070,Baradero,Buenos Aires,Pampeana,Pampeana-Educated,-0.12981519018053872,6,65.16666666666667,29.0,270.0,7.393621089666778,32761.0,39223.0,35.09024577572965,45.746927803379414,5.789170506912442,21.981153524735117
06728,San Andrés de Giles,Buenos Aires,Pampeana,Pampeana-Educated,-0.13699067539714826,5,75.0,3.0,17.0,1.1364066820712906,23027.0,26399.0,27.210323997803403,41.3783635365184,5.7111477210323995,13.640566440885895
06700,Saavedra,Buenos Aires,Pampeana,Pampeana-Educated,-0.14594486996672312,3,52.333333333333336,2.0,19.0,0.9342738356612323,20749.0,21407.0,35.42036910457963,47.751196172248804,1.1483253588516746,11.00334363222354
22168,25 de Mayo,Chaco,NEA,Peripheral-Deprived,-0.1832676944989586,5,86.6,3.0,70.0,0.9200760596209286,29215.0,32606.0,14.763674986723315,17.578332448220923,26.088688263409452,16.788223228856815
50028,Guaymallén,Mendoza,Cuyo,Metropolitan-Diversified,-0.19228578583476197,6,71.16666666666667,4.0,88.0,0.12466068918662017,283803.0,320871.0,39.85959633947599,47.07032719067318,6.459821988216121,59.318318457545566
06770,San Pedro,Buenos Aires,Pampeana,Intermediate-Urban,-0.21053408758762773,8,67.5,15.0,174.0,2.1944903661872925,59036.0,68353.0,28.165500786291418,40.15508920340545,7.662274280136652,18.221195714574872
06665,Ramallo,Buenos Aires,Pampeana,Pampeana-Educated,-0.2294640502752123,8,70.25,22.0,213.0,5.548829701372075,33042.0,39648.0,27.99725517106166,43.770218606019014,6.185668071757671,23.00060113410287
06245,Ensenada,Buenos Aires,Pampeana,Metropolitan-Diversified,-0.24228252309141307,9,70.88888888888889,12.0,141.0,1.8756447528838038,56729.0,63978.0,38.94972195149917,48.32310955684228,10.296393968927363,93.61014477817292
70028,Capital,San Juan,Cuyo,Metropolitan-Core,-0.2623356027303298,9,64.44444444444444,12.0,117.0,1.0448501946033488,109123.0,114849.0,60.11923991894035,53.88704514082646,4.105847455138183,81.3742933003497
14126,San Alberto,Córdoba,Pampeana,Peripheral-Deprived,-0.2692484740335904,9,69.66666666666667,24.0,141.0,5.710342858502463,37004.0,42029.0,28.963178294573645,29.29263565891473,13.594961240310077,19.098967688394314
06315,General Juan Madariaga,Buenos Aires,Pampeana,Pampeana-Educated,-0.27192761968978224,7,77.0,4.0,38.0,1.7725782150137375,19747.0,22566.0,25.22109917877448,39.30827542640556,7.548957675300064,14.15565230705434
06260,Esteban Echeverría,Buenos Aires,Pampeana,Metropolitan-Diversified,-0.27652211475320854,11,66.72727272727273,41.0,598.0,1.2134485616195099,300959.0,337880.0,33.34768242740134,43.453322784810126,10.772291511541326,70.84952572161727
06410,Ituzaingó,Buenos Aires,Pampeana,Metropolitan-Core,-0.27897809953330677,10,64.2,23.0,204.0,1.292258249383368,167824.0,177983.0,47.333022315527565,57.238939429282325,4.906305886011975,64.79773626147693
54070,Leandro N. Alem,Misiones,NEA,Intermediate-Urban,-0.28600107881431125,9,67.11111111111111,14.0,48.0,2.834524508513697,45075.0,49391.0,22.804868713159305,23.179973972288142,14.851106177753962,12.975374828765249
70035,Caucete,San Juan,Cuyo,Intermediate-Urban,-0.2884997504830555,1,75.0,3.0,13.0,0.6815548538064838,38343.0,44017.0,22.809987304274227,26.745662293694455,15.605162928480745,30.893897041155196
58042,Chos Malal,Neuquén,Patagonia,Metropolitan-Diversified,-0.2941048860690919,4,69.5,2.0,38.0,1.0935535021050904,15256.0,18289.0,31.0,45.91304347826087,10.695652173913043,21.135593125850516
06672,Rauch,Buenos Aires,Pampeana,Pampeana-Educated,-0.2954401299521512,8,68.375,4.0,33.0,2.42556545994785,15176.0,16491.0,25.239436619718308,36.413145539906104,2.779342723004695,10.225609988659981
06270,Ezeiza,Buenos Aires,Pampeana,Intermediate-Urban,-0.3319603966849903,11,69.81818181818181,17.0,183.0,0.8559057496727419,163722.0,198620.0,29.87614359251017,39.514914469395556,14.102996380965227,43.310663116698464
06210,Chacabuco,Buenos Aires,Pampeana,Pampeana-Educated,-0.3415774341741209,9,63.55555555555556,11.0,44.0,2.0988761472266213,48703.0,52409.0,28.61905916585839,42.173860329776915,4.09796314258002,20.448149554468813
06547,Monte,Buenos Aires,Pampeana,Pampeana-Educated,-0.34369057775180084,11,69.0,22.0,444.0,8.937276568085798,21034.0,24616.0,29.391225140428116,41.2327311370882,5.78412023683012,20.146403300417564
22098,Mayor Luis J. Fontana,Chaco,NEA,Intermediate-Urban,-0.3444487000041602,5,60.8,4.0,52.0,0.668918692932874,55080.0,59798.0,22.33623749596644,26.3891577928364,19.21264924169087,26.50450270324048
06420,La Costa,Buenos Aires,Pampeana,Metropolitan-Diversified,-0.3565379252927158,8,70.5,19.0,153.0,1.8924302788844622,69633.0,100400.0,39.23337091319053,40.51108605787298,5.753893690759531,36.20372661501893
30077,Nogoyá,Entre Ríos,Pampeana,Pampeana-Educated,-0.38958438334636847,6,78.83333333333333,13.0,60.0,3.0264934581179865,39026.0,42954.0,28.188744163185056,32.56328336200541,6.094863602850824,10.516699550231582
66140,Rosario de la Frontera,Salta,NOA,Intermediate-Urban,-0.39744116472043967,4,87.25,3.0,34.0,0.8888888888888888,28993.0,33750.0,24.067666282199156,24.810970139689864,14.840445982314494,14.643072564401953
50014,General Alvear,Mendoza,Cuyo,Intermediate-Urban,-0.4220929809997268,8,70.5,9.0,104.0,1.718245861891216,46429.0,52379.0,25.56278817466775,34.892866829400596,7.994304312449145,26.495213127760934
66049,General Güemes,Salta,NOA,Intermediate-Urban,-0.4309706328545049,4,85.75,2.0,22.0,0.3587701359738815,47226.0,55746.0,26.682234907455456,26.94170558726864,15.775817332641411,25.70751718031568
06854,25 de Mayo,Buenos Aires,Pampeana,Pampeana-Educated,-0.43957654492876286,6,73.16666666666667,4.0,49.0,1.1295924995058033,35842.0,35411.0,25.74903350515464,38.99806701030928,4.131765463917525,10.028663192423659
06196,Coronel Pringles,Buenos Aires,Pampeana,Pampeana-Educated,-0.4412404411029542,7,64.42857142857143,2.0,19.0,0.8295313148071339,22933.0,24110.0,27.182907249598617,38.87859701123873,3.7668272199580093,13.423563055895555
82112,San Justo,Santa Fe,Pampeana,Pampeana-Educated,-0.4433288982661257,6,81.5,24.0,173.0,5.162844727444822,40904.0,46486.0,28.856859604972165,37.02432700373675,6.131320064058568,24.53933248426659
10021,Andalgalá,Catamarca,NOA,Intermediate-Urban,-0.44589160580633946,5,75.2,1.0,35.0,0.5116398055768738,18132.0,19545.0,31.31786246540345,27.570789865871834,11.070896316797956,7.5084534757795725
54098,San Ignacio,Misiones,NEA,Peripheral-Deprived,-0.45414682560349495,10,70.2,9.0,160.0,1.4241858404278886,57728.0,63194.0,19.913726500128767,20.435230491887715,19.733453515323205,6.836878467584256
10105,Tinogasta,Catamarca,NOA,Semi-Rural-Active,-0.45916468169804575,5,80.4,4.0,45.0,1.5839074998020115,22360.0,25254.0,32.08044840092318,26.2776129244972,10.8143752060666,6.622018923047777
58070,Los Lagos,Neuquén,Patagonia,Metropolitan-Core,-0.4597061931301918,5,84.0,5.0,26.0,3.225390272222939,11998.0,15502.0,47.11565001380072,61.35799061551201,6.293127242616616,6.6033294672485
06105,Bolívar,Buenos Aires,Pampeana,Pampeana-Educated,-0.4744285181863221,8,73.625,13.0,157.0,3.4951873958165294,34190.0,37194.0,30.436593901016497,40.53491084819197,3.36610564905849,25.142029517243664
54077,Libertador General San Martín,Misiones,NEA,Peripheral-Deprived,-0.47659737389132145,5,80.4,12.0,123.0,2.3003488862477477,46561.0,52166.0,21.017959375735238,25.67641753587954,15.888949886283429,11.54268943123973
38042,Palpalá,Jujuy,NOA,Intermediate-Urban,-0.4984509673508419,6,77.83333333333333,9.0,92.0,1.3735844449192638,52631.0,65522.0,32.6124763705104,36.34026465028355,11.485822306238186,24.075408233148252
06469,Lincoln,Buenos Aires,Pampeana,Pampeana-Educated,-0.498656698396809,3,73.33333333333333,9.0,34.0,1.991546989444801,41808.0,45191.0,32.06222466960352,47.095264317180614,3.3314977973568283,16.445784374899517
06778,San Vicente,Buenos Aires,Pampeana,Intermediate-Urban,-0.5174749919409475,5,87.2,8.0,59.0,0.816918379642394,59478.0,97929.0,31.04697359196074,36.98293993923814,15.459219443795279,22.291873370844737
06238,Dolores,Buenos Aires,Pampeana,Pampeana-Educated,-0.5910706856945359,4,88.5,11.0,73.0,3.502626970227671,27042.0,31405.0,36.472678809418035,46.55708573967126,3.5206574855619723,20.97885231597756
82119,San Lorenzo,Santa Fe,Pampeana,Metropolitan-Core,-0.6123354249489328,9,74.55555555555556,21.0,264.0,1.0836696149360634,157255.0,193786.0,33.27197518097208,44.72182006204757,6.357807652533609,52.434099994769205
30088,San Salvador,Entre Ríos,Pampeana,Intermediate-Urban,-0.6314357261927351,8,81.5,7.0,117.0,3.3676513037621474,17357.0,20786.0,21.266882252235114,38.63420201635914,8.293703633250903,18.936732637985696
06483,Lobos,Buenos Aires,Pampeana,Pampeana-Educated,-0.6447251426188304,8,78.125,6.0,105.0,1.4486455164421266,36172.0,41418.0,27.55128096008171,40.29279087581922,4.596135841348199,15.285744994628853
06707,Saladillo,Buenos Aires,Pampeana,Pampeana-Educated,-0.6587556521408584,6,77.16666666666667,6.0,42.0,1.6938147531264998,32103.0,35423.0,28.306092124814263,42.70988112927191,3.333952451708767,25.322693839337074
14056,Juárez Celman,Córdoba,Pampeana,Metropolitan-Core,-0.6638572908624827,8,75.25,25.0,261.0,3.695600756859035,61078.0,67648.0,26.852367688022284,47.01949860724234,5.120283616105343,29.30834322716735
06455,Las Flores,Buenos Aires,Pampeana,Pampeana-Educated,-0.698749644292089,5,75.4,7.0,75.0,2.5795990566037736,23871.0,27136.0,27.322537440642883,35.82125897966638,4.4076464142213565,25.060783805158827
06735,San Antonio de Areco,Buenos Aires,Pampeana,Pampeana-Educated,-0.7220148047636246,6,82.5,7.0,41.0,2.622213897733658,23138.0,26695.0,31.455986649979142,50.938673341677095,3.93547489917953,17.715357858682882
82028,Constitución,Santa Fe,Pampeana,Metropolitan-Core,-0.7292603721410272,7,80.0,13.0,67.0,1.3978494623655915,86910.0,93000.0,32.22836095764273,44.06889827754306,5.839020691149388,34.67739783290057
50119,Tunuyán,Mendoza,Cuyo,Intermediate-Urban,-0.7366280462800154,7,75.14285714285714,2.0,25.0,0.3334889615153738,49458.0,59972.0,26.86512040183188,36.42340079775447,12.897030580587975,14.265815960717356
26035,Futaleufú,Chubut,Patagonia,Metropolitan-Diversified,-0.7648332343035756,10,77.8,23.0,334.0,4.603222255578905,43076.0,49965.0,37.27802037845706,52.503639010189225,8.930131004366812,24.098207387498675
30105,Victoria,Entre Ríos,Pampeana,Intermediate-Urban,-0.7693857863575017,7,86.85714285714286,10.0,96.0,2.4813280067492123,35767.0,40301.0,33.30018982192895,35.51477899303986,8.72276959233481,25.989283525310643
06655,Punta Indio,Buenos Aires,Pampeana,Metropolitan-Core,-0.7800220746723602,4,83.75,5.0,20.0,4.111503988158868,9888.0,12161.0,36.53677116905948,42.77761500146499,6.358042777615001,5.456425904975513
22021,Comandante Fernández,Chaco,NEA,Intermediate-Urban,-0.7853695054723896,9,83.55555555555556,33.0,358.0,3.2645470193696458,96944.0,101086.0,28.9,30.16296296296296,16.377777777777776,50.23455387935266
50056,Lavalle,Mendoza,Cuyo,Peripheral-Deprived,-0.7873493956539601,3,77.33333333333333,1.0,11.0,0.21237735207917427,36738.0,47086.0,13.475024274463264,22.764052217067643,18.40543747977128,6.836983444869192
06532,Mercedes,Buenos Aires,Pampeana,Pampeana-Educated,-0.7952062927614711,8,77.375,25.0,382.0,3.5210275766879806,63284.0,71002.0,40.89245077668942,48.911645394281194,5.100425447709508,23.130531571213492
06231,Daireaux,Buenos Aires,Pampeana,Pampeana-Educated,-0.8081670367326649,4,83.0,3.0,30.0,1.6368398079441293,16889.0,18328.0,25.971892681146194,41.63168461398065,4.0700857820770215,6.709232435843036
06651,Puán,Buenos Aires,Pampeana,Pampeana-Educated,-0.8406981037151051,5,80.2,2.0,27.0,1.2201818070892563,15743.0,16391.0,27.860303413400757,40.80278128950695,1.0587863463969658,6.206752236831515
14035,General Roca,Córdoba,Pampeana,Pampeana-Educated,-0.8509215024255345,5,94.8,3.0,37.0,0.8318544809228039,35645.0,36064.0,24.129910406616126,40.3342522398346,6.831495520330806,19.555317193831517
06203,Coronel Suárez,Buenos Aires,Pampeana,Pampeana-Educated,-0.9050906294788079,5,88.4,9.0,103.0,2.1576007479682593,38320.0,41713.0,29.395583971451938,44.903724630139024,2.349267712437737,13.142751046982461
18084,Ituzaingó,Corrientes,NEA,Peripheral-Deprived,-0.9234556874040311,6,77.5,11.0,70.0,2.8374648541285112,31150.0,38767.0,25.038843073981116,28.492888729532687,16.887773395482252,5.721101573300549
06077,Arrecifes,Buenos Aires,Pampeana,Pampeana-Educated,-0.9568127434818993,5,88.2,7.0,62.0,2.1822489634317424,29044.0,32077.0,25.644248900062852,39.901529436413156,4.3473706264403935,22.602902200889172
06784,Suipacha,Buenos Aires,Pampeana,Pampeana-Educated,-0.9661508651916302,6,81.33333333333333,3.0,21.0,2.556237218813906,10081.0,11736.0,28.15230961298377,43.91385767790262,4.65043695380774,5.204776459289905
06714,Salto,Buenos Aires,Pampeana,Pampeana-Educated,-0.9805465138071556,4,105.25,5.0,18.0,1.2736582010851567,32653.0,39257.0,29.375994012536253,44.1294789035457,5.192253718776312,31.70612136115081
06574,Navarro,Buenos Aires,Pampeana,Pampeana-Educated,-0.9811370985390789,7,85.28571428571429,11.0,54.0,5.530973451327434,17054.0,19888.0,21.499718098101862,38.35745160684082,5.412516444277392,10.024675384943158
06518,Mar Chiquita,Buenos Aires,Pampeana,Pampeana-Educated,-1.0072965528376785,8,83.25,7.0,80.0,2.122949079549935,21279.0,32973.0,34.420238931834156,41.15249472944483,5.144061841180604,17.993615459377654
06385,General Viamonte,Buenos Aires,Pampeana,Pampeana-Educated,-1.0333736034016092,5,83.6,3.0,27.0,1.3315579227696406,18078.0,22530.0,27.601018135539295,42.25262488068724,3.0862233534839327,19.484805539837385
46014,Capital,La Rioja,NOA,Metropolitan-Diversified,-1.0397566927967645,2,102.0,5.0,20.0,0.2375217926244733,180995.0,210507.0,49.99386703737019,47.060266579442306,10.417859187178019,54.27531473616511
90119,Yerba Buena,Tucumán,NOA,Metropolitan-Diversified,-1.0447303490679114,8,88.5,16.0,134.0,1.5596214019046877,75076.0,102589.0,54.488146551724135,54.224137931034484,8.329741379310345,33.62668823616364
66056,General José de San Martín,Salta,NOA,Intermediate-Urban,-1.0455967199018945,3,92.66666666666667,7.0,50.0,0.39448176367161086,156910.0,177448.0,25.739153369378872,23.998417512857706,26.000263747857048,28.034267494838836
06505,Magdalena,Buenos Aires,Pampeana,Pampeana-Educated,-1.0602372887072278,3,85.33333333333333,3.0,25.0,1.3243279035889286,19301.0,22653.0,33.613288540500186,44.45688689809631,7.894736842105263,15.568968236935701
06277,Florentino Ameghino,Buenos Aires,Pampeana,Pampeana-Educated,-1.0988847742090688,3,88.0,2.0,26.0,1.8589088205223534,8869.0,10759.0,25.150703281982587,45.478901540522436,4.219691895512391,10.202712636140697
90070,Monteros,Tucumán,NOA,Peripheral-Deprived,-1.1401065946253774,5,92.8,2.0,20.0,0.2581677832423292,63641.0,77469.0,24.93100852985449,24.485699949824387,13.390617160060211,12.358505457360456
06511,Maipú,Buenos Aires,Pampeana,Pampeana-Educated,-1.1592425342638841,5,91.4,1.0,25.0,0.888651915044877,10188.0,11253.0,28.923701769654773,41.775456919060055,4.989846243109951,12.727756252730602
06021,Alberti,Buenos Aires,Pampeana,Metropolitan-Core,-1.1651319444012762,5,84.2,4.0,46.0,3.099333643266698,10654.0,12906.0,31.426332288401255,43.67816091954023,2.220480668756531,6.388472034767675
58112,Zapala,Neuquén,Patagonia,Metropolitan-Diversified,-1.190161727480119,5,89.6,5.0,29.0,1.0979358805445762,36549.0,45540.0,33.11597578015836,44.95575221238938,12.333488588728459,42.56956532154012
38035,Ledesma,Jujuy,NOA,Intermediate-Urban,-1.200872390187549,5,90.4,5.0,86.0,0.5338857270989718,81790.0,93653.0,25.95232243794544,28.39026787908577,17.00172032440403,25.219889612795146
06301,General Belgrano,Buenos Aires,Pampeana,Pampeana-Educated,-1.3196007002202421,3,98.0,2.0,19.0,0.9673986649898423,17365.0,20674.0,28.9780292942743,39.34753661784288,3.6284953395472703,17.825034109677045
82091,San Cristóbal,Santa Fe,Pampeana,Intermediate-Urban,-1.3482546764112535,3,81.66666666666667,12.0,138.0,1.6530519471574394,68878.0,72593.0,26.768001469507716,36.05804555473916,6.869948567229978,26.438654115595813
66077,La Caldera,Salta,NOA,Semi-Rural-Active,-1.402608941064634,4,93.75,4.0,30.0,3.2663726931242856,7763.0,12246.0,48.18007662835249,39.84674329501916,15.229885057471265,7.532950064388713
50070,Maipú,Mendoza,Cuyo,Intermediate-Urban,-1.441404614984115,3,105.33333333333333,8.0,161.0,0.36548538743735354,172332.0,218887.0,27.069509759711394,39.657282741738065,8.503510919281068,49.45518150366716
06462,Leandro N. Alem,Buenos Aires,Pampeana,Pampeana-Educated,-1.4650276084178977,3,94.66666666666667,3.0,25.0,1.7489651955926078,16799.0,17153.0,26.854573750648452,40.255922531558014,4.444060176379042,11.095588946294512
22105,9 de Julio,Chaco,NEA,Peripheral-Deprived,-1.4804374526992397,5,99.6,3.0,69.0,0.9926215134169342,28555.0,30223.0,20.902795588612463,22.980251346499102,20.325724544755065,37.7117008258741
90077,Río Chico,Tucumán,NOA,Intermediate-Urban,-1.5397872966197048,4,105.75,2.0,17.0,0.3080382583516873,56847.0,64927.0,24.9290176036343,25.312322544009085,14.373935264054515,14.246821199486009
90021,Chicligasta,Tucumán,NOA,Intermediate-Urban,-1.552956843410214,5,98.2,2.0,184.0,0.21666594444685183,80735.0,92308.0,26.4750302053967,28.599476439790575,15.933346757954087,18.6263053203256
06798,Tapalqué,Buenos Aires,Pampeana,Pampeana-Educated,-1.6861793028750534,4,109.75,1.0,14.0,0.9350163627863488,9178.0,10695.0,24.913057224154283,39.61429023079355,3.0350932658868164,9.513321115229099
06392,General Villegas,Buenos Aires,Pampeana,Pampeana-Educated,-1.7067039526290326,5,103.6,5.0,21.0,1.426330052774212,30864.0,35055.0,28.563140591761748,44.74956488106749,6.023979887836009,14.787780781964267
06189,Coronel Dorrego,Buenos Aires,Pampeana,Pampeana-Educated,-1.715408595302464,3,110.66666666666667,5.0,36.0,3.1655587211142766,15825.0,15795.0,27.298294955176658,39.5675865705748,2.7245561610124804,5.432247120361247
30113,Villaguay,Entre Ríos,Pampeana,Intermediate-Urban,-1.9757464965121376,3,104.33333333333333,6.0,30.0,1.0853049706967657,48965.0,55284.0,28.310471275295395,31.834849925302187,8.868667662637511,13.598367547352623
06742,San Cayetano,Buenos Aires,Pampeana,Pampeana-Educated,-1.9757464965121376,3,104.33333333333333,1.0,20.0,1.121327651939897,8399.0,8918.0,23.438027693346843,45.153664302600475,2.6680175616345827,12.930209865210786
82105,San Jerónimo,Santa Fe,Pampeana,Intermediate-Urban,-1.97648352433398,3,121.0,9.0,87.0,1.0636160582388883,80840.0,84617.0,29.993765100148078,38.89798145117294,6.433637284701114,24.906482214208225
06112,Bragado,Buenos Aires,Pampeana,Pampeana-Educated,-1.97648352433398,3,121.0,7.0,94.0,1.514266554178294,41336.0,46227.0,32.999790077671264,45.826044363585474,3.736617451542929,13.076961613587537
90049,La Cocha,Tucumán,NOA,Peripheral-Deprived,-1.97648352433398,3,121.0,2.0,19.0,0.9435742592942065,19002.0,21196.0,15.51986108096375,15.693509876275233,20.425439548513133,4.066507898418898
54014,Cainguás,Misiones,NEA,Peripheral-Deprived,-2.0506145084983083,3,106.0,4.0,22.0,0.6680584551148225,53403.0,59875.0,13.352331966358518,15.298533398206715,15.138666852019185,6.185651581186613
54084,Montecarlo,Misiones,NEA,Semi-Rural-Active,-2.0506145084983083,3,106.0,2.0,46.0,0.5178663904712584,36745.0,38620.0,21.96838347781744,24.04895461499235,14.63539010708822,7.328242096774487
90112,Trancas,Tucumán,NOA,Peripheral-Deprived,-2.069218468945733,2,117.0,2.0,15.0,0.8533151292772421,17371.0,23438.0,15.897320423328079,15.469488853861742,23.035352398108532,5.077747465697225
06084,Benito Juárez,Buenos Aires,Pampeana,Pampeana-Educated,-2.1804149451922266,2,94.5,2.0,55.0,0.9440641963653529,20239.0,21185.0,27.65988800471559,40.480400825228415,3.2861774241084585,10.759697892935947
06322,General La Madrid,Buenos Aires,Pampeana,Pampeana-Educated,-2.1815204869249887,2,119.5,2.0,42.0,1.7338534893801474,10783.0,11535.0,24.569764363251256,43.42070426264231,3.362456976436325,7.205148811394408
66021,Cafayate,Salta,NOA,Intermediate-Urban,-2.1815204869249887,2,119.5,1.0,17.0,0.561104253170239,14850.0,17822.0,33.277074542897324,31.70182841068917,19.465541490857948,24.776612060340444
78021,Güer Aike,Santa Cruz,Patagonia,Metropolitan-Core,-2.1815204869249887,2,119.5,1.0,12.0,0.07282843804848918,113267.0,137309.0,45.71563784791032,67.33414179656305,6.693483983554675,49.754301423221555
06294,General Arenales,Buenos Aires,Pampeana,Pampeana-Educated,-2.572027338739504,1,110.0,2.0,11.0,1.2322099685786458,14903.0,16231.0,28.15843814529754,42.66941993617421,2.721982354045429,6.665058919762201
